"send_date","Audit Date","spbu_no","region","year","address","city_name","tipe_spbu","rayon","audit_level","audit_next","result","Total Score","SSS","EQnQ","RFS","wtms","qq","wmef","format_fisik","cpo","kelas_spbu","penalty_alerts","1.1.1.a","1.1.1.b","1.1.1.c","1.1.2.a","1.1.2.b","1.2.a","1.2.b","1.2.c","1.2.d","1.2.e","1.2.f","1.2.g","1.2.h","1.2.i","2.1.a","2.1.b","2.1.c","2.2.a","2.2.b","2.2.c","2.2.d","2.2.e","2.2.f","2.2.g","2.2.h","2.2.i","2.2.j","2.2.k","2.2.l","2.2.m","2.2.n","2.2.o","2.2.p","3.1.1.a","3.1.1.b","3.1.1.c","3.1.1.d","3.1.1.e","3.1.2.a","3.1.2.b","3.1.3.a","3.2.a","3.2.b","3.2.c","3.2.d","3.2.e","3.2.f","3.2.g","3.2.h","3.2.i","3.2.j","3.2.k","3.2.l","3.2.m","3.2.n","3.2.o","3.3.a","3.3.b","3.3.c","3.3.d","3.3.e","3.3.f","3.4.a","3.4.b","3.4.c","3.4.d","3.5.a","3.5.b","3.5.c","3.5.d","3.6.a","3.6.b","3.7.a","3.7.c","3.7.d","3.8.a","3.8.b","3.8.c","3.8.d","3.8.e","3.8.f"
"2025-09-27","2025-09-17","84-97403","VIII","2025","Jl. Soekarno, Saumlaki","Kab Kep Tanimbar","","SBM Maluku II","BOA1","BOA2","NOT CERTIFIED","59.79","50.67","62.05","64.92","0.00","0.00","0.00","0.00","0.00","Basic","APAR, Masa Berlaku APAR, ST Air, Pelumas, Izin Prinsip, APAB, Nol","F","A","A","B","F","A","F","F","A","F","B","B","C","A","A","A","A","A","F","A","A","F","F","X","X","F","X","F","C","A","F","A","A","B","B","C","A","A","C","F","C","F","F","F","A","A","A","A","F","A","F","A","A","A","A","A","B","A","A","A","F","A","F","F","F","A","A","A","A","A","A","A","A","A","A","C","F","B","F","F","C"
"2025-08-28","2025-08-28","83-97701","VIII","2025","LOKASI DESA MANGON KEC. SANANA","Kabupaten Kepulauan Sula","CODO I","SBM Maluku Utara I","BOA1","BOA2","NOT CERTIFIED","50.52","44.33","42.38","61.06","0.00","0.00","0.00","0.00","0.00","Basic","ST Air, Breakaway Valve, APAB, Izin Prinsip, Nol, Pelumas, Safetyman","F","F","A","C","A","C","F","F","A","F","B","E","A","F","F","A","F","A","F","F","A","F","F","X","X","X","X","F","C","F","F","A","A","C","B","B","A","C","C","A","C","A","F","A","A","A","F","A","F","A","F","X","B","F","A","F","D","A","A","C","A","A","F","F","F","A","A","C","A","A","F","A","A","A","A","A","F","F","F","F","F"
"2025-08-27","2025-08-27","24-31653","II","2025","MUARA RUPIT","Kab Musi Rawas Utara","DODO","SBM Sumsel II Fuel","BOA1","BOA2","NOT CERTIFIED","59.92","56.67","61.09","60.99","0.00","0.00","0.00","0.00","0.00","Basic","Safetyman, HP, APAR, Izin Prinsip, Breakaway Valve, APAB","F","F","F","B","F","C","C","A","A","A","B","B","C","F","A","A","A","A","F","F","A","F","F","X","X","F","X","F","C","A","F","A","A","E","B","E","A","F","C","A","C","F","F","A","A","A","F","A","A","A","F","X","A","A","F","F","B","A","A","B","A","A","F","F","F","F","A","C","A","A","F","A","A","A","A","C","F","F","F","B","X"
"2025-08-26","2025-08-26","24-316195","II","2025","JL. LINTAS SAROLANGUN LUBUK LINGGAU","Kota Lubuk Linggau","DODO","SBM Sumsel II Fuel","BOA1","BOA2","NOT CERTIFIED","77.35","68.00","79.88","82.32","0.00","0.00","0.00","0.00","0.00","Basic","ST Air, Izin Prinsip, Pelumas, HP, Safetyman","F","F","F","B","F","A","C","A","A","A","B","B","A","A","A","A","A","A","F","F","A","A","F","X","X","F","X","F","A","A","F","A","A","A","A","B","A","A","A","A","A","A","A","A","A","A","A","A","F","A","A","X","A","A","F","F","A","A","A","B","A","A","F","F","F","A","A","A","A","A","A","A","A","A","A","A","F","F","F","F","A"
"2025-08-26","2025-08-26","84-97603","VIII","2025","JL. ALIMORTOPO KEL. SIWALIMA","Kabupaten Kepulauan Aru","","SBM Maluku II","BOA1","BOA2","NOT CERTIFIED","59.43","30.00","75.51","68.71","0.00","0.00","0.00","0.00","0.00","Basic","Trims, Pelumas, Salam, Nol, Ducting, Izin Prinsip","A","A","A","B","F","F","F","F","A","F","F","F","F","F","A","A","A","A","F","F","A","X","F","X","X","X","X","F","A","F","F","F","A","B","B","F","A","F","A","A","C","A","A","A","A","F","A","A","A","A","F","X","B","F","F","A","B","A","A","B","A","A","F","F","F","A","F","D","F","A","A","A","A","F","A","C","F","F","F","F","X"
"2025-08-26","2025-08-25","24-331130","II","2025","Jl. Raya Sadai, Toboali","Kab. Bangka Selatan","DODO","SBM Babel I","BOA1","BOA2","NOT CERTIFIED","69.06","50.33","72.50","80.45","0.00","0.00","0.00","0.00","0.00","Basic","Trims, Safetyman, Breakaway Valve, Nol","A","A","A","B","C","C","F","F","A","F","C","C","F","A","A","A","F","A","A","A","A","F","F","X","X","F","F","X","A","A","F","A","A","C","A","A","A","A","C","A","A","A","A","A","A","A","F","A","A","A","A","X","A","A","F","F","A","A","A","A","F","A","A","A","A","A","A","A","A","A","F","F","A","F","A","A","F","A","A","A","A"
"2025-08-25","2025-08-25","84-97707","VIII","2025","Jl. Raya Labuha - Bacan","Kab Halmahera Sel","DODO","SBM Maluku Utara I","BOA1","BOA2","NOT CERTIFIED","19.32","17.33","1.67","34.02","0.00","0.00","0.00","0.00","0.00","Basic","DU Dispenser, ST Air, Pelumas, Salam, Safetyman, ST Manhole, Izin Prinsip, Nol, EDC, CCTV, APAR, Trims, Ducting","F","F","A","D","F","F","F","F","A","F","B","F","F","F","F","F","F","F","F","F","F","F","F","F","F","F","F","F","F","F","F","F","A","F","F","F","A","F","C","A","F","F","A","A","A","F","A","F","F","A","F","F","F","F","F","F","B","F","F","B","F","A","F","F","F","F","F","B","F","F","F","F","F","F","F","A","F","F","F","F","X"
"2025-08-25","2025-08-24","84-98201","VIII","2025","JL. ST RUMBEWAS SERUI PAPUA","Kab Kepulauan Yapen","","SBM Papua II","BOA1","BOA2","NOT CERTIFIED","30.67","43.67","6.67","38.84","0.00","0.00","0.00","0.00","0.00","Basic","Salam, ST Air, Produk JBU, APAB, Pelumas, APAR, Masa Berlaku APAR, Breakaway Valve, Izin Prinsip, Ducting, DU Dispenser","F","F","A","C","F","F","F","C","A","A","C","D","C","A","F","A","F","F","F","F","F","F","X","X","X","F","X","X","F","F","F","F","F","D","B","B","A","C","F","A","X","F","F","F","A","F","F","A","F","A","F","F","B","F","F","A","B","A","A","C","F","F","F","F","F","F","A","A","A","A","F","F","A","F","A","F","F","F","F","F","X"
"2025-08-25","2025-08-23","54-80316","V","2025","JL. ULUWATU DS. JIMBARAN  KEC. KUTA, Kab. Badung","Kab. Badung","DODO","SBM Bali II Fuel","BOA1","BOA2","NOT CERTIFIED","14.57","16.00","0.00","24.29","0.00","0.00","0.00","0.00","0.00","Basic","Ducting, CCTV, HP, Trims, EDC, APAR, Breakaway Valve, DU Dispenser, Grounding, Salam, ST Manhole, Pelumas, Safetyman, Izin Prinsip, ST Air","F","F","F","D","F","F","F","C","A","F","F","F","F","F","F","F","F","F","F","F","F","F","F","X","X","X","X","F","F","F","F","F","F","C","F","B","A","F","F","F","X","F","A","A","F","F","F","F","F","A","F","F","F","F","F","F","B","F","F","B","F","A","F","F","F","F","A","E","A","A","F","A","F","A","F","A","F","F","F","F","F"
"2025-08-25","2025-08-23","24-316179","II","2025","JL. LINTAS SAROLANGUN - LUBUK LINGG","Kab Musi Rawas Utara","DODO","SBM Sumsel II Fuel","BOA1","BOA2","NOT CERTIFIED","77.35","81.33","89.68","64.55","0.00","0.00","0.00","0.00","0.00","Basic","ST Air, APAB, Masa Berlaku APAR, APAR, Safetyman, Izin Prinsip","A","A","A","B","F","A","C","A","A","A","B","B","A","F","A","F","A","A","F","A","A","A","A","X","A","A","X","A","A","A","A","A","A","B","B","B","A","C","A","A","A","F","F","F","A","A","A","A","F","A","A","X","A","F","F","F","A","A","A","B","A","A","F","F","F","A","A","B","A","A","A","A","A","A","A","A","F","F","F","B","F"
"2025-08-25","2025-08-23","54-80811","V","2025","JL .RAYA KLUNGKUNG-KARANGASEM KEC MANGGIS","Kab. Karangasem","DODO","SBM Bali III Fuel","BOA1","BOA2","NOT CERTIFIED","68.81","64.67","94.35","53.33","0.00","0.00","0.00","0.00","0.00","Basic","Pelumas, Izin Prinsip, Ducting, APAR, Safetyman, ST Air, HP, Breakaway Valve","F","F","F","B","F","A","C","A","A","A","B","B","A","F","A","A","A","A","A","A","A","A","F","X","X","X","X","A","A","C","A","A","A","B","B","B","A","F","C","A","X","F","A","A","A","F","F","A","F","A","F","F","B","F","F","F","B","A","A","C","A","A","A","A","A","A","A","B","A","A","F","A","A","A","A","C","F","F","F","F","F"
"2025-08-25","2025-08-23","24-33192","II","2025","Jl. S. Selan, Pasir Garam, Simpang Katis","Kab. Bangka Tengah","DODO","SBM Babel I","BOA1","CA","CERTIFIED","91.76","85.00","97.38","92.44","0.00","0.00","0.00","0.00","0.00","Basic","","A","A","A","B","A","C","C","C","A","A","B","B","A","A","A","A","A","A","A","F","A","A","A","X","X","X","X","A","A","C","A","A","A","A","A","B","A","A","A","A","A","A","A","A","A","A","A","A","A","A","F","X","B","A","A","A","A","A","A","B","F","A","A","A","A","A","A","A","A","A","A","A","A","A","A","A","F","B","A","A","X"
"2025-08-25","2025-08-23","54-80151","V","2025","JL.RAYA SESETAN NO.135 SESETAN, KEC. DENPASAR SELATAN","Kodya Denpasar","DODO","SBM Bali I Fuel","BOA1","BOA2","NOT CERTIFIED","74.74","77.00","88.71","62.50","0.00","0.00","0.00","0.00","0.00","Basic","APAB, ST Manhole, Breakaway Valve, Izin Prinsip, Pelumas, ST Air, Ducting, APAR","F","A","A","B","A","C","C","A","A","A","C","C","A","F","A","A","A","A","A","F","A","X","F","X","F","X","X","X","A","C","A","A","A","C","B","B","A","C","F","A","X","F","F","A","A","F","F","F","F","A","A","A","B","A","A","A","B","F","A","C","A","A","A","A","A","A","A","A","A","A","A","A","A","A","A","A","F","F","F","F","F"
"2025-08-23","2025-08-23","54-80150","V","2025","JL. BY PASS NGURAH RAI SUWUNG KEL. SESETAN KEC. DENPASAR SELATAN","Kodya Denpasar","DODO","SBM Bali I Fuel","BOA1","BOA2","NOT CERTIFIED","72.65","66.00","87.01","66.28","0.00","0.00","0.00","0.00","0.00","Basic","Breakaway Valve, Pelumas, Ducting, APAB, APAR","F","A","A","B","A","C","C","C","A","A","C","F","C","F","A","A","A","A","F","F","A","X","A","X","F","X","X","X","A","C","C","A","A","C","B","B","A","F","C","F","X","F","F","A","A","F","F","A","A","A","A","A","B","F","A","A","B","A","A","C","A","A","A","A","A","A","A","B","A","A","A","A","A","A","A","A","B","F","A","F","C"
"2025-08-25","2025-08-23","54-69104","V","2025","JL. SUKARNO HATTA 3, Kab. Bangkalan","Kab. Bangkalan","DODO","SBM Surabaya IV Fuel","BOA1","BOA2","NOT CERTIFIED","58.19","52.67","76.33","48.47","0.00","0.00","0.00","0.00","0.00","Basic","APAB, ST Air, Pelumas, APAR, Safetyman, Masa Berlaku APAR, Breakaway Valve, Izin Prinsip, ST Manhole, HP","F","F","F","B","F","C","C","C","A","A","B","B","C","F","F","A","A","A","F","A","A","A","F","X","X","F","X","F","A","A","A","A","A","D","B","C","F","F","C","A","C","F","F","F","A","A","F","F","F","A","F","F","B","A","A","F","B","A","A","C","F","F","F","F","F","A","A","A","A","A","A","A","A","F","A","A","F","F","F","F","X"
"2025-08-23","2025-08-23","54-82103","V","2025","JL. RAYA MENGWI BEDUGUL-DS.PAREAN, Kab. Tabanan","Kab. Tabanan","DODO","SBM Bali II Fuel","BOA1","BOA2","NOT CERTIFIED","74.47","61.67","100.00","65.02","0.00","0.00","0.00","0.00","0.00","Basic","ST Air, Masa Berlaku APAR, APAR, APAB, Breakaway Valve","F","A","A","B","F","C","C","C","A","A","B","C","C","F","A","A","A","A","A","A","A","A","A","X","A","A","X","X","A","A","A","A","A","B","B","B","A","C","C","A","C","F","F","F","A","A","F","A","F","A","F","A","B","F","A","A","B","A","A","B","F","A","A","A","A","A","A","B","A","A","A","A","A","A","A","C","F","B","A","A","X"
"2025-08-25","2025-08-22","14-2826113","I","2025","Jl. Sukarno Hatta - Panam Pekanbaru","Kota Pekanbaru","DODO","SBM Riau I Fuel","BOA1","BOA2","NOT CERTIFIED","71.63","77.00","91.38","52.67","0.00","0.00","0.00","0.00","0.00","Basic","Masa Berlaku APAR, APAR, Izin Prinsip, Pelumas, Safetyman, Breakaway Valve","A","F","A","B","F","A","C","A","A","A","B","C","A","A","A","A","A","A","A","F","A","F","A","X","X","A","X","F","A","A","A","A","A","C","C","D","F","C","F","A","C","F","A","F","A","A","F","A","A","F","F","A","B","F","F","F","B","A","A","B","F","A","A","A","A","F","A","A","A","A","F","A","A","A","A","A","A","F","F","F","X"
"2025-08-23","2025-08-22","54-80258","V","2025","Jl. By Pass Ngurah Rai Sidakarya Denpasar","Kodya Denpasar","DODO","SBM Bali I Fuel","BOA1","BOA2","NOT CERTIFIED","59.92","49.00","92.56","43.46","0.00","0.00","0.00","0.00","0.00","Basic","Izin Prinsip, Pelumas, CCTV, APAR, ST Air, Breakaway Valve, HP, Safetyman, ST Manhole, APAB","F","F","F","C","F","C","C","C","A","A","C","C","C","F","A","A","A","A","F","F","A","X","A","X","X","X","X","X","A","C","A","A","A","B","B","B","A","F","C","F","X","F","F","A","A","A","F","F","F","A","F","F","B","F","F","F","B","F","A","B","F","A","A","A","A","A","A","A","A","A","A","A","A","A","F","A","F","F","F","F","X"
"2025-08-25","2025-08-22","24-31690","II","2025","RANTAU SERIK","Kab Musi Rawas Utara","DODO","SBM Sumsel II Fuel","BOA1","BOA2","NOT CERTIFIED","64.81","74.67","67.71","54.78","0.00","0.00","0.00","0.00","0.00","Basic","Safetyman, Izin Prinsip, ST Air, Pelumas, APAR, Masa Berlaku APAR","A","F","A","B","F","A","C","A","A","A","B","B","A","F","F","A","A","A","F","F","A","F","F","X","X","F","X","F","A","A","F","A","A","C","B","C","A","C","C","A","C","F","A","F","A","A","A","A","F","F","F","X","A","F","F","F","A","A","A","B","A","A","F","F","F","A","A","B","A","A","F","A","A","A","A","A","F","F","F","F","F"
"2025-08-25","2025-08-22","14-284697","I","2025","Jl.Raya Pekanbaru - Bangkinang Km.40","Kab Kampar","DODO","SBM Riau I Fuel","BOA1","BOA2","NOT CERTIFIED","90.76","93.00","100.00","82.11","0.00","0.00","0.00","0.00","0.00","Basic","","A","A","A","B","A","A","C","A","A","A","A","C","A","A","A","A","A","A","A","A","A","A","A","X","A","A","X","A","A","A","A","A","A","B","C","B","A","A","A","A","A","A","A","A","A","A","A","A","A","F","A","A","B","A","F","A","E","F","A","B","A","A","A","F","A","A","F","B","F","F","A","F","A","A","A","A","B","F","A","B","X"
"2025-08-23","2025-08-22","54-83312","V","2025","DUSUN TANAK SONG DESA JENGGALA, KEC","Kab Lombok Utara","DODO","SBM NTB I Fuel","BOA1","BOA2","NOT CERTIFIED","64.06","60.67","77.34","56.35","0.00","0.00","0.00","0.00","0.00","Basic","Safetyman, Pelumas, Masa Berlaku APAR, HP, APAR, Breakaway Valve, Izin Prinsip","F","A","F","B","F","C","F","C","A","A","B","C","A","A","A","A","F","A","F","F","A","A","F","X","X","X","A","X","A","C","C","F","A","B","A","B","F","C","C","A","C","F","A","F","A","A","F","A","A","A","F","X","B","F","F","F","A","A","A","A","F","F","F","F","F","F","A","A","A","A","A","A","A","F","A","A","F","F","F","F","C"
"2025-08-22","2025-08-22","54-80154","V","2025","JL. BY PASS NGURAH RAI KEL.PEDUNGAN KEC. DENPASAR SELATAN","Kodya Denpasar","DODO","SBM Bali I Fuel","BOA1","BOA2","NOT CERTIFIED","59.4","54.67","84.45","43.30","0.00","0.00","0.00","0.00","0.00","Basic","APAB, APAR, Izin Prinsip, HP, Safetyman, Pelumas, CCTV, ST Manhole, Breakaway Valve, Ducting, ST Air","F","F","F","B","F","C","C","C","A","A","C","C","A","F","A","A","A","A","F","F","F","X","F","X","X","X","A","X","A","C","A","A","A","C","B","B","A","F","F","F","X","F","F","A","A","F","F","F","F","A","A","X","B","F","F","F","B","A","A","B","A","A","A","A","A","A","A","A","A","A","A","A","A","F","F","A","F","F","F","F","C"
"2025-08-22","2025-08-22","54-81119","V","2025","LOKASI DESA BANJARASEM KEC. SERIRIT, Kab. Buleleng","Kab. Buleleng","DODO","SBM Bali III Fuel","BOA1","BOA2","NOT CERTIFIED","59.63","56.00","73.95","50.86","0.00","0.00","0.00","0.00","0.00","Basic","Izin Prinsip, Produk JBU, Pelumas, APAR, Safetyman, CCTV, Breakaway Valve, Masa Berlaku APAR","F","F","A","B","F","C","C","C","A","A","B","B","C","F","A","F","A","A","F","F","A","F","F","X","X","X","X","X","A","C","C","F","A","B","B","B","A","A","C","F","X","F","A","F","A","A","F","A","A","A","F","F","B","F","F","F","B","A","A","B","A","A","F","F","F","A","A","B","A","A","A","A","A","A","F","F","F","F","F","F","X"
"2025-08-25","2025-08-22","54-69109","V","2025","JL. RAYA LEMBUNG PASESER","Kab. Bangkalan","DODO","SBM Surabaya IV Fuel","BOA1","BOA2","NOT CERTIFIED","14.93","11.67","16.75","16.06","0.00","0.00","0.00","0.00","0.00","Basic","Izin Prinsip, CCTV, HP, Safetyman, APAR, APAB, Pelumas, Masa Berlaku APAR, Grounding, Breakaway Valve, Nol, Trims, Salam, ST Manhole, ST Air","F","F","F","C","F","F","F","F","A","F","F","F","F","F","F","A","F","A","F","F","A","F","F","X","X","F","X","X","F","F","F","F","A","F","E","D","F","F","F","F","C","F","F","F","F","A","F","F","F","F","F","F","B","F","F","F","D","A","A","B","F","F","F","F","F","F","F","F","F","F","F","F","A","A","F","C","F","F","F","F","X"
"2025-08-23","2025-08-22","24-348159","II","2025","JL. RAYA LINTAS BARAT TRANS SUMATER","Kab Pesisir Barat","DODO","SBM Lampung III Fuel","BOA1","BOA2","NOT CERTIFIED","48.73","10.00","65.79","64.91","0.00","0.00","0.00","0.00","0.00","Basic","CCTV, Masa Berlaku APAR, Pelumas, Nol, Safetyman, Trims, DU Dispenser, Salam","F","F","A","B","F","F","F","F","F","F","F","F","F","F","A","A","F","F","A","F","A","F","F","X","X","F","A","X","A","F","F","A","F","C","A","B","A","C","A","F","C","A","A","F","A","A","A","A","A","F","A","X","B","F","F","F","B","A","A","B","A","A","F","F","F","F","A","B","A","A","A","A","A","F","F","A","F","F","A","F","A"
"2025-08-22","2025-08-22","54-80146","V","2025","Jl.Raya Sesetan  No.315","Kodya Denpasar","DODO","SBM Bali I Fuel","BOA1","BOA2","NOT CERTIFIED","71.42","80.33","97.07","45.51","0.00","0.00","0.00","0.00","0.00","Basic","Safetyman, Pelumas, Izin Prinsip, ST Manhole, Breakaway Valve, APAB, Ducting, ST Air, APAR","F","A","A","B","A","A","C","C","A","A","C","C","A","A","A","A","A","A","A","F","A","X","A","X","X","X","X","X","A","C","A","A","A","C","B","B","A","F","C","A","X","F","F","A","A","F","F","F","F","A","F","X","B","F","F","F","B","A","A","C","F","A","A","A","A","A","A","A","A","A","A","F","A","A","A","C","F","F","F","F","F"
"2025-08-22","2025-08-22","24-316199","II","2025","JL. MUCHTAR AMAN KEL. Q1 TAMBAH ASR","Kab Musi Rawas Utara","DODO","SBM Sumsel II Fuel","BOA1","BOA2","NOT CERTIFIED","80.8","80.67","77.00","83.75","0.00","0.00","0.00","0.00","0.00","Basic","Safetyman, APAR, Izin Prinsip, CCTV","A","A","A","B","F","C","C","A","A","A","B","B","A","A","A","A","A","A","F","A","A","F","F","X","X","F","X","F","A","A","F","A","A","A","A","B","A","A","A","A","A","F","A","A","A","A","A","A","A","A","A","F","A","A","A","F","A","A","A","A","A","A","F","F","F","A","A","A","A","A","A","A","A","A","F","A","F","F","F","B","A"
"2025-08-22","2025-08-22","54-81107","V","2025","DESA CELUKANBAWANG, KEC. GROGAK, Kab. Buleleng","Kab. Buleleng","DODO","SBM Bali III Fuel","BOA1","BOA2","NOT CERTIFIED","76.48","65.00","99.04","68.20","0.00","0.00","0.00","0.00","0.00","Basic","APAR, Safetyman, Izin Prinsip, Breakaway Valve","F","A","A","B","F","C","A","C","A","A","B","C","C","F","A","A","A","A","A","F","A","A","A","X","X","A","A","X","A","A","A","A","A","B","B","C","A","F","A","A","X","F","A","A","A","A","F","A","A","A","F","A","B","F","A","F","B","A","A","B","F","F","A","A","A","A","F","B","F","F","A","A","A","A","A","C","F","F","F","B","X"
"2025-08-22","2025-08-22","54-80153","V","2025","Jl. Pulau Komodo Ds. Dauh Puri Kelod Kec. Denpasar Barat","Kodya Denpasar","DODO","SBM Bali I Fuel","BOA1","BOA2","NOT CERTIFIED","63.75","63.33","86.25","46.42","0.00","0.00","0.00","0.00","0.00","Basic","ST Manhole, Izin Prinsip, Ducting, APAR, Safetyman, ST Air, Breakaway Valve, Pelumas, HP","F","A","F","B","F","C","C","C","A","A","B","B","A","F","A","A","A","A","F","F","F","X","A","X","X","X","X","X","A","C","C","A","A","C","B","B","A","F","F","F","X","F","A","A","A","F","F","F","F","A","A","X","B","F","F","F","B","A","A","B","A","A","A","A","A","A","A","A","A","A","F","A","A","A","A","A","F","F","F","F","F"
"2025-08-22","2025-08-22","64-77201","VI","2025","Jl Katamso RT 11 Tanjung Kelor","Kab Bulungan","DODO","SBM Kaltimut IV Fuel","BOA1","BOA2","NOT CERTIFIED","62.97","69.61","82.47","43.81","0.00","0.00","0.00","0.00","0.00","Basic","Izin Prinsip, Safetyman, CCTV, Grounding, APAR, ST Air, Pelumas, APAB","A","F","A","B","F","A","F","X","A","A","A","A","A","F","A","A","F","A","F","A","A","A","A","X","X","A","X","A","A","C","F","A","A","B","B","B","A","F","A","F","A","F","F","A","F","A","A","A","F","F","F","F","B","F","F","F","A","A","A","B","F","A","F","F","F","A","A","A","A","A","F","A","A","F","F","C","F","F","F","F","X"
"2025-08-22","2025-08-22","44-55621 ","IV","2025","Jln.Deandles Barongan, Larangsewu, Kec.Galur, Kab. Kulon Progo, DI Yogyakarta","Kab Kulon Progo","DODO","SBM Yogyakarta I Fuel","BOA1","CA","CERTIFIED","97.27","96.33","100.00","96.08","0.00","0.00","0.00","0.00","0.00","Basic","","A","A","A","B","A","A","A","A","A","A","B","B","A","A","A","A","A","A","A","A","A","A","A","X","X","A","X","X","A","A","A","A","A","B","A","B","A","A","A","A","A","A","A","A","A","A","A","A","A","A","A","X","A","A","A","A","B","A","A","B","A","A","A","A","A","A","A","B","A","A","A","A","A","A","A","C","F","A","A","A","F"
"2025-08-22","2025-08-22","54-69118","V","2025","JL. RAYA KLAMPIS, KEL. TENGGUN DAJAH, KEC. KLAMPIS","Kab. Bangkalan","DODO","SBM Surabaya IV Fuel","BOA1","BOA2","NOT CERTIFIED","41.72","19.00","58.17","46.42","0.00","0.00","0.00","0.00","0.00","Basic","HP, Trims, Nol, Salam, APAB, ST Air, Izin Prinsip, Pelumas, Safetyman, Grounding, Masa Berlaku APAR","F","F","F","C","F","F","F","F","A","F","D","D","F","A","F","F","A","A","F","F","A","F","F","X","X","X","X","F","A","C","F","F","F","C","C","B","F","C","C","F","F","A","F","F","F","A","A","A","F","A","F","F","A","F","F","F","B","A","A","B","A","A","F","F","F","A","A","B","A","A","A","A","A","A","A","A","F","F","F","F","F"
"2025-08-22","2025-08-22","44-53411","IV","2025","JL RAYA KALIBENING - BANJARNEGARA,","Kab Banjarnegara","DODO","SBM Tegal IV Fuel","BOA1","CA","CERTIFIED","96.35","96.33","100.00","93.62","0.00","0.00","0.00","0.00","0.00","Basic","","A","A","A","B","A","A","A","A","A","A","A","C","A","A","A","A","A","A","A","A","A","A","A","X","X","X","X","A","A","A","A","A","A","B","B","B","A","A","A","A","A","A","A","A","A","A","A","A","A","A","F","A","A","A","A","A","B","A","A","B","A","A","A","A","A","A","A","A","A","A","F","A","A","A","A","A","B","A","A","A","A"
"2025-08-22","2025-08-22","54-81113","V","2025","DS MUSI KEC.GEROKGAK, Kab. Buleleng","Kab. Buleleng","DODO","SBM Bali III Fuel","BOA1","BOA2","NOT CERTIFIED","48.15","38.33","63.06","44.26","0.00","0.00","0.00","0.00","0.00","Basic","Ducting, Safetyman, Masa Berlaku APAR, CCTV, HP, Breakaway Valve, Izin Prinsip, APAR, Pelumas","F","F","F","B","F","C","F","C","A","F","B","C","C","F","F","F","A","A","F","F","A","F","F","X","X","X","X","X","A","C","F","F","A","B","B","B","F","C","C","F","X","F","A","F","A","F","F","A","A","A","F","F","B","F","F","F","B","A","A","B","A","A","F","F","F","A","F","B","A","A","F","A","A","F","F","C","F","F","F","F","C"
"2025-08-22","2025-08-21","14-281145","I","2025","JL. MERBABU, KEL. KAMPUNG BANDAR, K","Kota Pekanbaru","DODO","SBM Riau I Fuel","BOA1","BOA2","NOT CERTIFIED","67.83","63.00","59.38","77.82","0.00","0.00","0.00","0.00","0.00","Basic","Safetyman, Salam","A","A","A","B","F","F","C","A","A","F","B","B","A","F","F","A","F","A","F","F","A","F","F","X","F","X","X","F","A","A","F","A","A","B","C","B","F","A","C","A","A","A","A","A","A","A","A","A","A","A","A","X","A","F","F","F","A","A","A","B","A","A","F","F","F","A","A","A","A","A","F","A","A","A","A","A","B","F","A","B","F"
"2025-08-22","2025-08-21","54-83320","V","2025","LOKASI DUSUN LABUAN TERENG DS. LABU","Kab Lombok Barat","DODO","SBM NTB I Fuel","BOA1","BOA2","NOT CERTIFIED","75.15","75.33","63.58","83.70","0.00","0.00","0.00","0.00","0.00","Basic","Pelumas, Izin Prinsip","A","F","A","A","F","A","C","A","A","A","B","C","A","F","A","A","A","A","F","F","A","F","F","X","X","X","X","X","C","F","C","A","A","A","A","A","A","A","A","A","C","A","A","A","A","A","A","A","A","A","F","A","A","A","F","A","A","A","A","A","F","A","F","F","F","F","A","B","A","A","A","A","A","A","A","C","F","F","F","F","A"
"2025-08-22","2025-08-21","54-69108","V","2025","Jl. Raya Keleyan Km 12, DS KETEGEN KEC SOCAH BANGKALAN, Kab. Bangkalan","Kab. Bangkalan","DODO","SBM Surabaya IV Fuel","BOA1","BOA2","NOT CERTIFIED","39.02","43.67","51.22","26.45","0.00","0.00","0.00","0.00","0.00","Basic","Breakaway Valve, Izin Prinsip, APAR, APAB, Grounding, Masa Berlaku APAR, Pelumas, Safetyman","F","F","A","B","C","C","F","C","A","F","D","D","C","F","F","A","A","A","F","F","A","F","F","X","X","F","X","F","C","C","F","A","A","D","D","C","F","F","F","F","F","F","F","F","F","A","F","A","A","F","F","F","B","F","F","F","F","A","A","B","A","F","F","F","F","A","F","C","F","F","F","F","A","A","A","A","F","F","F","F","X"
"2025-08-22","2025-08-21","54-81112","V","2025","DESA PEMUTERAN, KECAMATAN GROKAK, Kab. Buleleng","Kab. Buleleng","DODO","SBM Bali III Fuel","BOA1","BOA2","NOT CERTIFIED","48.71","38.00","51.42","54.18","0.00","0.00","0.00","0.00","0.00","Basic","Pelumas, APAR, Izin Prinsip, Breakaway Valve, Nol","F","F","A","B","F","C","F","F","A","F","C","C","C","A","F","A","A","A","A","F","A","A","A","X","X","A","X","A","F","A","A","F","A","B","B","C","A","F","F","F","F","F","A","A","A","A","F","A","A","A","F","F","B","F","F","A","B","A","A","C","A","A","A","A","A","A","F","A","A","A","F","A","A","A","A","C","F","F","F","F","X"
"2025-08-22","2025-08-21","74-94315","VII","2025","Jl. Trans Sulawesi , Kab. Donggala","Kab. Donggala","DODO","SBM Sulteng I Fuel","BOA1","BOA2","NOT CERTIFIED","56.17","45.00","56.30","63.50","0.00","0.00","0.00","0.00","0.00","Basic","Pelumas, Breakaway Valve, Izin Prinsip, Masa Berlaku APAR, APAB","F","F","A","C","F","C","F","A","A","F","A","C","C","F","A","A","A","A","F","F","A","A","A","X","X","A","X","A","F","A","C","A","A","B","B","A","A","C","C","A","C","A","F","F","A","A","F","A","A","A","F","X","A","F","F","A","A","A","A","A","F","A","F","F","F","A","A","B","A","A","A","A","A","A","A","C","F","F","F","F","X"
"2025-08-22","2025-08-21","54-80155","V","2025","jl pemogan kel pemogan kec denpasar selatan","Kodya Denpasar","DODO","SBM Bali I Fuel","BOA1","BOA2","NOT CERTIFIED","46.03","19.33","67.99","48.51","0.00","0.00","0.00","0.00","0.00","Basic","ST Manhole, Pelumas, Salam, Nol, ST Air, APAR, CCTV, Izin Prinsip, Ducting, HP, APAB","F","F","F","B","F","F","F","F","A","F","F","F","C","F","A","A","F","A","F","F","F","X","F","X","X","X","X","X","A","F","F","A","A","B","B","B","F","F","F","F","X","F","F","A","A","F","A","F","F","A","A","X","B","F","F","A","B","A","A","B","F","A","A","A","A","A","A","A","A","A","A","A","A","F","F","A","F","F","F","F","X"
"2025-08-21","2025-08-21","54-67110","V","2025","Jl. RA.Kartini Latek-Bangil","Kab Pasuruan","","SBM Malang I Fuel","BOA1","BOA2","NOT CERTIFIED","66.51","59.67","85.40","57.49","0.00","0.00","0.00","0.00","0.00","Basic","APAR, Izin Prinsip, Safetyman, Masa Berlaku APAR, Breakaway Valve, Grounding","F","A","A","B","A","C","F","A","A","F","B","D","C","F","A","A","A","A","F","A","A","A","A","X","A","A","F","X","A","F","F","A","A","C","B","B","A","A","C","F","C","F","A","F","F","A","F","A","A","F","A","A","B","A","F","F","C","A","A","B","A","A","F","F","F","A","A","A","A","A","F","A","A","A","A","A","F","F","F","A","X"
"2025-08-22","2025-08-21","84-97601","VIII","2025","Jl. Telaver, Langgur","Kab Maluku Tenggara","DODO","SBM Maluku II","BOA1","BOA2","NOT CERTIFIED","77.81","58.67","78.72","91.53","0.00","0.00","0.00","0.00","0.00","Basic","Pelumas, Salam, Nol, APAR","A","A","A","B","A","F","C","F","A","F","B","D","C","A","A","A","A","A","F","F","A","A","A","X","X","A","X","A","C","A","C","A","A","B","B","B","A","F","A","A","A","F","A","A","A","A","A","A","A","A","A","X","A","A","A","A","A","A","A","B","A","A","A","A","A","A","A","B","A","A","A","A","A","A","A","A","F","B","A","F","A"
"2025-08-21","2025-08-21","24-333136","II","2025","Jl. Kelabat, Desa Kelabat, Kec Jebus, Bangka Barat","Kab. Bangka Barat","DODO","SBM Babel I","BOA1","CA","CERTIFIED","91.38","80.67","99.04","93.53","0.00","0.00","0.00","0.00","0.00","Basic","","A","A","A","B","F","C","A","A","A","A","B","B","A","F","A","A","A","A","A","F","A","A","A","X","X","A","X","A","A","A","A","A","A","C","A","C","A","A","A","A","A","A","A","A","A","A","A","A","A","A","F","X","A","A","A","A","A","A","A","A","A","A","A","A","A","A","A","A","A","A","A","A","A","A","A","A","F","A","A","A","X"
"2025-08-22","2025-08-21","54-80114","V","2025","JL. PULAU BUNGIN, PEDUNGAN, Kodya Denpasar","Kodya Denpasar","DODO","SBM Bali I Fuel","BOA1","BOA2","NOT CERTIFIED","49.56","41.00","39.57","63.08","0.00","0.00","0.00","0.00","0.00","Basic","Izin Prinsip, APAR, Ducting, EDC, CCTV, Pelumas","F","F","A","C","F","C","C","C","A","F","C","F","C","F","A","A","A","A","F","F","A","X","F","X","X","X","X","X","F","F","C","A","A","B","B","B","A","F","C","A","X","F","A","A","A","F","A","A","A","A","F","X","B","F","F","A","C","A","A","B","F","A","A","A","A","A","A","D","A","A","F","A","F","F","F","C","F","F","F","F","X"
"2025-08-22","2025-08-21","13-282603","I","2025","Jl. Kaharudin Nasution","Kota Pekanbaru","CODO I","SBM Riau I Fuel","BOA1","BOA2","NOT CERTIFIED","79.43","63.67","87.54","85.18","0.00","0.00","0.00","0.00","0.00","Basic","ST Air, Pelumas","A","F","A","B","C","A","F","C","A","F","B","D","A","A","A","A","A","A","A","F","A","A","X","X","F","A","X","F","A","A","F","A","A","B","B","C","A","A","C","A","C","A","A","A","A","A","A","A","F","A","A","A","B","A","A","A","B","F","A","B","A","A","A","A","A","F","F","A","A","A","A","A","A","A","A","C","B","F","A","F","C"
"2025-08-22","2025-08-21","54-83514","V","2025","JL. SENGKOL DESA KUTA KEC. PUJUT","Kab Lombok Tengah","DODO","SBM NTB I Fuel","BOA1","BOA2","NOT CERTIFIED","75.54","58.33","92.52","75.55","0.00","0.00","0.00","0.00","0.00","Basic","APAR, Pelumas, Masa Berlaku APAR, Izin Prinsip","F","F","A","B","A","C","F","C","A","A","C","B","C","F","A","A","A","A","F","F","A","A","A","X","A","A","A","X","A","C","C","A","A","A","B","B","A","C","C","A","A","F","A","F","A","A","A","A","A","A","F","X","A","A","F","A","A","A","A","B","F","A","A","A","F","A","A","A","A","A","A","A","A","A","A","A","F","F","F","F","A"
"2025-08-22","2025-08-21","54-69116","V","2025","JL. BANCARAN KM. 33","Kab. Bangkalan","DODO","SBM Surabaya IV Fuel","BOA1","BOA2","NOT CERTIFIED","40.6","25.00","37.93","53.78","0.00","0.00","0.00","0.00","0.00","Basic","Pelumas, Nol, Masa Berlaku APAR, ST Air, Izin Prinsip, Breakaway Valve, Salam, Safetyman","F","F","A","C","F","F","F","F","A","F","D","D","C","F","F","F","F","A","F","F","F","F","F","X","X","X","X","F","B","C","F","F","F","C","B","C","F","C","C","A","A","A","A","F","A","A","F","A","F","A","F","F","B","F","F","F","B","A","A","B","A","F","F","F","F","F","F","C","A","A","A","A","A","A","A","C","F","F","F","F","X"
"2025-08-22","2025-08-20","54-69111","V","2025","Jl. Raya Tangkel Ds. Benangkah Kec. Burneh","Kab. Bangkalan","DODO","SBM Surabaya IV Fuel","BOA1","BOA2","NOT CERTIFIED","51.92","45.33","55.29","54.00","0.00","0.00","0.00","0.00","0.00","Basic","APAR, Breakaway Valve, Safetyman, Izin Prinsip, Pelumas","F","F","A","C","F","C","F","C","A","A","D","D","C","F","F","F","A","A","F","F","A","F","F","X","X","X","F","F","A","F","F","F","A","D","D","C","F","C","C","A","C","F","A","A","A","A","F","A","A","A","F","F","B","F","F","F","B","A","A","B","F","F","F","F","F","F","A","D","A","A","F","A","A","F","A","A","F","F","F","F","X"
"2025-08-21","2025-08-20","34-16602","III","2025","Jl. Ciampea, Kab. Bogor","Kab Bogor","DODO","SBM Jabode V Fuel","BOA1","BOA2","NOT CERTIFIED","82.96","80.00","82.43","85.32","0.00","0.00","0.00","0.00","0.00","Basic","Safetyman, Masa Berlaku APAR","A","A","A","B","A","C","A","A","A","F","B","B","C","A","A","A","F","A","A","F","F","A","F","X","A","A","A","A","A","A","C","A","A","B","A","B","A","A","A","A","A","A","A","F","A","A","A","A","A","A","A","X","A","F","A","F","A","A","A","A","A","A","A","A","A","A","A","A","A","A","A","A","A","A","A","A","A","F","A","A","F"
"2025-08-21","2025-08-20","64-771003","VI","2025","Jln. Halmahera, Kel. Pamusian, Tarakan","Kota Tarakan","DODO","SBM Kaltimut V Fuel","BOA1","BOA2","NOT CERTIFIED","68.01","42.67","89.78","70.73","0.00","0.00","0.00","0.00","0.00","Basic","Salam, Safetyman, Izin Prinsip, ST Air, Nol, Pelumas","F","A","A","B","F","F","F","F","A","F","A","A","C","A","A","A","A","A","F","A","A","X","A","X","X","X","X","A","A","C","F","A","A","C","A","A","A","F","C","A","F","A","A","A","A","A","A","A","F","F","A","X","A","A","F","F","A","A","A","A","A","A","F","F","F","A","A","A","A","A","A","A","A","F","A","C","F","F","F","F","C"
"2025-08-21","2025-08-20","14-243113","I","2025","Jl. Elak, Desa Alue Lim, Kecamatan Muara Dua, Kota Lhokseumawe, Provinsi Aceh","Kota Lhokseumawe","DODO","SBM Aceh II Fuel","BOA1","BOA2","NOT CERTIFIED","84.96","81.33","90.66","82.47","0.00","0.00","0.00","0.00","0.00","Basic","ST Air, Izin Prinsip, Breakaway Valve, Pelumas","A","F","A","B","A","A","F","A","A","A","B","B","A","A","A","A","F","A","A","F","A","A","A","X","X","A","X","X","A","A","A","A","A","B","A","C","A","C","A","A","A","A","A","A","A","A","F","A","F","A","A","X","B","A","A","A","B","A","A","B","A","A","F","F","F","A","A","A","A","A","A","A","A","A","A","C","F","F","F","F","X"
"2025-08-21","2025-08-20","54-67150","V","2025","JL. URIP SUMOHARJO KEL. KEBONAGUNG","Kab Pasuruan","","SBM Malang I Fuel","BOA1","BOA2","NOT CERTIFIED","72.96","67.00","77.00","74.51","0.00","0.00","0.00","0.00","0.00","Basic","Safetyman, Pelumas, Nol, Masa Berlaku APAR, ST Air, Trims","A","A","A","B","A","A","A","F","A","F","B","C","F","A","A","A","A","A","A","A","A","F","F","X","F","X","F","X","A","F","F","A","A","B","A","B","A","A","F","F","A","A","A","F","A","A","A","A","F","A","A","X","A","A","A","F","B","A","A","B","A","A","A","A","F","A","A","A","A","A","A","A","A","A","A","A","A","B","A","F","X"
"2025-08-21","2025-08-20","13-208121","I","2025","JL. LINTAS SUMATERA PEKAN GEBANG, L","Kota Medan","CODO I","SBM Medan I Fuel","BOA1","CA","CERTIFIED","97.44","92.33","100.00","99.38","0.00","0.00","0.00","0.00","0.00","Basic","","A","A","A","B","A","A","A","A","A","A","B","B","C","A","A","A","A","A","A","A","A","X","A","X","A","X","A","A","A","A","A","A","A","A","A","A","A","A","A","A","A","A","A","A","A","A","A","A","A","A","A","X","A","A","A","A","A","A","A","A","A","A","A","A","A","A","A","A","A","A","A","A","A","A","A","A","A","F","A","A","A"
"2025-08-22","2025-08-20","54-69107","V","2025","Jl. Raya Patemon Ds. Poter Kec. Tanah Merah, Kab. Bangkalan","Kab. Bangkalan","DODO","SBM Surabaya IV Fuel","BOA1","BOA2","NOT CERTIFIED","43.31","49.67","52.32","31.58","0.00","0.00","0.00","0.00","0.00","Basic","Nol, APAR, Safetyman, Breakaway Valve, ST Air, Masa Berlaku APAR, Pelumas, APAB, Izin Prinsip","A","F","A","B","F","C","F","F","A","A","C","C","C","F","F","F","A","A","F","F","A","F","F","X","X","F","X","X","B","C","F","F","A","D","C","D","F","F","C","F","C","F","F","F","A","A","F","A","F","F","F","F","B","F","F","F","C","A","A","B","F","F","F","F","F","A","A","D","A","A","F","F","A","F","A","C","F","F","F","F","X"
"2025-08-21","2025-08-20","53-83612","V","2025","JL. RAYA LABUHAN LOMBOK KM.61,5 PRI","Kab Lombok Timur","CODO I","SBM NTB I Fuel","BOA1","BOA2","NOT CERTIFIED","74.14","83.67","68.06","70.68","0.00","0.00","0.00","0.00","0.00","Basic","Safetyman, Izin Prinsip, APAR, Pelumas, Breakaway Valve","A","A","A","B","A","C","C","A","A","A","C","C","A","F","A","A","A","A","F","F","A","F","F","X","F","F","F","X","A","F","F","F","A","B","A","B","A","C","A","A","C","F","A","A","A","A","F","A","A","A","F","X","A","A","F","F","A","A","A","B","A","A","F","F","F","A","A","B","A","A","A","A","A","F","A","A","F","F","F","F","X"
"2025-08-21","2025-08-20","34-16403","III","2025","Jl. Raya Sawangan Rangkapan Jaya","Kota Depok","","SBM Jabode III Fuel","BOA1","BOA2","NOT CERTIFIED","85.83","76.67","100.00","81.68","0.00","0.00","0.00","0.00","0.00","Basic","Masa Berlaku APAR, APAR","A","A","A","B","F","C","C","C","A","A","B","B","A","A","A","A","A","A","A","A","A","A","A","X","A","X","A","X","A","A","A","A","A","B","B","B","A","A","A","A","C","F","A","F","A","A","A","A","A","A","F","X","A","A","F","A","B","A","A","B","A","A","A","A","A","A","A","A","A","A","A","A","A","A","A","A","A","A","A","A","A"
"2025-08-20","2025-08-20","54-67101","V","2025","Jl. Veteran No.210 Pasuruan","Kota Pasuruan","DODO","SBM Malang I Fuel","BOA1","BOA2","NOT CERTIFIED","56.68","63.33","70.48","40.69","0.00","0.00","0.00","0.00","0.00","Basic","Grounding, Izin Prinsip, Masa Berlaku APAR, APAR, Pelumas, Breakaway Valve, CCTV, Safetyman, APAB","A","F","A","B","F","A","C","A","A","F","C","D","A","F","A","A","F","A","F","F","A","F","F","X","X","F","X","X","A","A","F","A","A","D","B","B","A","C","C","F","C","F","F","F","F","A","F","A","A","F","F","X","C","A","F","F","B","A","F","B","A","A","F","F","F","A","A","D","A","A","F","A","A","F","F","C","F","F","F","F","X"
"2025-08-22","2025-08-20","54-62309","V","2025","DS. SUGIHAN JATI ROGO, Kab. Tuban","Kab. Tuban","DODO","SBM Surabaya III Fuel","BOA1","BOA2","NOT CERTIFIED","68.16","67.00","73.56","64.28","0.00","0.00","0.00","0.00","0.00","Basic","APAR, Pelumas, Breakaway Valve, Izin Prinsip, Safetyman","F","F","A","B","F","A","C","A","A","A","B","C","A","F","A","A","F","A","F","F","A","F","X","X","X","F","X","X","A","A","F","A","A","B","C","B","F","F","F","A","A","F","A","A","A","A","F","A","A","A","A","F","A","A","A","F","B","A","A","B","F","F","F","F","F","F","A","C","A","A","F","A","A","A","A","C","F","F","F","F","X"
"2025-08-21","2025-08-20","84-98305","VIII","2025","KEL. UDAPI HILIR, KEC. PRAFI","Kabupaten Manokwari","DODO","SBM Papua Barat II","BOA1","BOA2","NOT CERTIFIED","90.91","86.67","100.00","87.21","0.00","0.00","0.00","0.00","0.00","Basic","Izin Prinsip, CCTV","A","A","A","A","A","C","A","A","A","A","B","B","C","F","A","A","A","A","A","A","A","A","A","X","X","X","X","A","A","A","A","A","A","A","A","B","A","A","A","A","A","A","A","A","A","A","A","A","A","A","F","X","A","F","A","A","A","A","A","A","A","A","F","F","F","A","A","A","A","A","A","A","A","A","F","A","F","A","F","A","A"
"2025-08-20","2025-08-20","54-67105","V","2025","Jl. Ry. Sedarum Nguling-Pasuruan","Kab Pasuruan","","SBM Malang I Fuel","BOA1","BOA2","NOT CERTIFIED","55.29","33.67","76.54","55.29","0.00","0.00","0.00","0.00","0.00","Basic","Grounding, Trims, Pelumas, Safetyman, Izin Prinsip, Nol, Salam","F","A","A","B","F","F","C","F","A","F","D","F","F","A","A","A","F","A","A","F","A","F","A","X","X","A","X","X","A","F","F","F","A","F","B","D","A","C","C","F","F","A","A","A","F","A","A","A","A","F","F","X","B","F","A","F","B","A","F","B","A","A","F","F","F","F","A","A","A","F","F","A","A","A","A","C","F","F","F","F","X"
"2025-09-15","2025-08-20","44-52423","IV","2025","Jl. Raya Tuwel, Bojong","Kab Tegal","DODO","SBM Tegal I Fuel","BOA1","CA","CERTIFIED","97.33","97.33","100.00","95.50","0.00","0.00","0.00","0.00","0.00","Basic","","A","A","A","B","A","A","A","A","A","A","A","B","A","A","A","A","A","A","A","A","A","A","A","X","A","X","X","A","A","A","A","A","A","B","B","B","A","A","C","A","C","A","A","A","A","A","A","A","A","A","A","X","A","A","A","A","B","A","A","B","A","A","A","A","A","A","A","A","A","A","A","A","A","A","A","A","B","B","A","A","A"
"2025-09-26","2025-08-20","24-30738","II","2025","Jl.Palembang-Jambi Km.206 ","Kab Musi Banyuasin","DODO","SBM Sumsel I Fuel","BOA1","CA","CERTIFIED","95.29","92.33","100.00","93.77","0.00","0.00","0.00","0.00","0.00","Basic","","A","A","A","B","A","C","A","A","A","A","B","B","A","A","A","A","A","A","A","A","A","A","A","X","X","A","X","X","A","A","A","A","A","B","B","D","A","A","A","A","A","A","A","A","A","A","A","A","A","A","A","X","B","A","A","A","C","A","A","B","A","A","A","A","F","A","A","B","A","A","A","A","A","F","A","A","F","F","A","B","X"
"2025-08-20","2025-08-20","54-83606","V","2025","PRINGGABAYA, KEC. PRINGGABAYA","Kab Lombok Timur","DODO","SBM NTB I Fuel","BOA1","BOA2","NOT CERTIFIED","65.8","72.33","59.04","65.80","0.00","0.00","0.00","0.00","0.00","Basic","Breakaway Valve, Pelumas, Izin Prinsip, APAR","A","A","A","B","F","C","C","C","A","A","B","C","A","F","A","A","A","A","F","F","A","F","F","X","X","F","X","X","C","F","F","A","A","C","B","B","A","F","A","A","A","F","A","A","A","A","F","A","A","F","F","X","C","F","A","A","B","A","A","A","F","A","F","F","F","F","A","C","F","F","A","A","A","A","A","C","F","F","F","F","A"
"2025-08-21","2025-08-19","54-69211","V","2025","DSN RAGUNG KEL. RAGUNG KEC. PANGARENGAN","Kab. Sampang","DODO","SBM Surabaya IV Fuel","BOA1","BOA2","NOT CERTIFIED","61.88","53.00","63.20","67.55","0.00","0.00","0.00","0.00","0.00","Basic","CCTV, Pelumas, Izin Prinsip, Safetyman","F","F","A","B","F","C","C","C","A","F","C","C","A","A","A","A","A","A","F","F","A","F","F","X","X","X","F","F","B","C","F","F","F","D","B","B","A","C","C","A","A","A","A","A","A","A","A","A","A","A","F","F","B","F","F","F","B","A","A","B","F","A","F","F","F","A","A","B","A","A","A","A","A","A","F","A","F","F","F","F","F"
"2025-08-21","2025-08-19","34-42309","III","2025","JL.BY.PASS KADU AGUNG RKS. LEBAK, LEBAK","Kabupaten Lebak","DODO","SBM Banten III Fuel","BOA1","CA","CERTIFIED","89.97","85.67","91.48","91.94","0.00","0.00","0.00","0.00","0.00","Basic","","A","A","A","B","C","C","C","A","A","A","B","B","A","A","A","A","A","A","A","A","A","F","F","X","X","X","X","X","A","A","A","A","A","A","A","A","A","C","A","A","X","A","A","A","A","A","A","A","A","A","F","X","A","A","A","A","A","A","A","B","A","A","A","A","A","A","A","D","F","A","A","A","A","A","A","C","F","A","A","A","X"
"2025-08-21","2025-08-19","74-94314","VII","2025","Jl. Trans Sulawesi Kec. Sirenja","Kab Donggala","DODO","SBM Sulteng I Fuel","BOA1","BOA2","NOT CERTIFIED","85","85.67","91.38","79.67","0.00","0.00","0.00","0.00","0.00","Basic","Izin Prinsip, ST Manhole, Breakaway Valve, CCTV, ST Air","A","A","A","A","A","C","F","A","A","A","B","B","A","A","A","A","A","A","F","F","A","A","A","X","X","A","X","A","A","A","F","A","A","C","A","C","A","A","C","A","C","A","A","A","A","A","F","F","F","A","A","X","A","A","A","A","A","A","A","A","F","A","A","A","A","A","A","C","A","A","A","A","A","A","F","A","F","F","F","A","A"
"2025-08-21","2025-08-19","14-284623","I","2025","Jl. Subrantas panam - Pekanbaru","Kota Pekanbaru","DODO","SBM Riau I Fuel","BOA1","BOA2","NOT CERTIFIED","69.99","77.00","50.46","78.88","0.00","0.00","0.00","0.00","0.00","Basic","Masa Berlaku APAR, Izin Prinsip","A","F","A","B","C","A","A","A","A","F","B","C","A","A","A","A","F","A","A","A","A","A","X","X","A","A","X","A","F","A","F","A","A","B","B","C","A","A","A","A","A","A","A","F","A","A","A","A","A","A","F","A","B","A","F","A","B","F","A","B","A","A","A","A","A","A","F","B","F","F","A","A","A","A","A","C","F","F","F","A","X"
"2025-08-19","2025-08-19","54-83615","V","2025","JL. RAYA ANJANI KEL. REMPUNG KEC. P","Kab Lombok Timur","DODO","SBM NTB I Fuel","BOA1","BOA2","NOT CERTIFIED","55.76","60.33","36.45","66.71","0.00","0.00","0.00","0.00","0.00","Basic","APAR, Masa Berlaku APAR, Pelumas, Safetyman, Izin Prinsip, CCTV","F","F","A","B","C","C","C","C","A","A","F","F","A","A","A","A","A","A","F","A","A","F","F","X","F","X","X","X","F","F","F","A","A","B","A","B","A","F","A","A","C","F","A","F","A","A","A","A","A","A","F","X","A","F","A","F","A","A","A","A","F","A","F","F","F","F","A","A","F","A","A","A","A","F","F","C","F","F","F","F","C"
"2025-08-20","2025-08-19","54-67121","V","2025","DS. JAWI CANDI WATES, PRIGEN","Kab Pasuruan","","SBM Malang I Fuel","BOA1","BOA2","NOT CERTIFIED","60.72","69.67","33.98","73.64","0.00","0.00","0.00","0.00","0.00","Basic","Grounding, Izin Prinsip, Safetyman, CCTV, Masa Berlaku APAR","A","A","A","B","F","C","A","A","A","F","B","D","C","A","A","A","A","A","F","F","A","F","F","X","X","X","X","X","F","F","F","F","A","B","B","B","A","F","C","A","A","A","A","F","F","A","A","A","A","A","A","X","B","A","F","F","B","A","A","B","A","A","A","A","A","A","A","D","F","A","A","A","A","A","F","C","F","B","F","A","X"
"2025-08-21","2025-08-19","34-17150","III","2025","Jln Bantar Gebang Setu Kel. Pedurenan Kec. Mustika Jasa, Kota Bekasi","Kota Bekasi","DODO","SBM Karawang I Fuel","BOA1","CA","CERTIFIED","95.66","93.00","100.00","94.40","0.00","0.00","0.00","0.00","0.00","Basic","","A","A","A","B","C","A","A","A","A","A","B","B","A","A","A","A","A","A","A","A","A","A","A","X","X","X","X","X","A","A","A","A","A","A","A","A","A","A","A","A","A","A","A","A","A","A","A","A","A","A","A","A","A","F","A","A","A","A","A","A","A","A","A","A","A","A","A","A","A","A","A","A","A","F","A","C","F","A","A","A","A"
"2025-08-20","2025-08-19","54-67104","V","2025","DS. SENGON AGUNG PURWOSARI","Kab Pasuruan","","SBM Malang I Fuel","BOA1","BOA2","NOT CERTIFIED","37.41","16.67","56.25","38.10","0.00","0.00","0.00","0.00","0.00","Basic","Safetyman, Izin Prinsip, Nol, Grounding, Breakaway Valve, Salam, APAB, Masa Berlaku APAR, Pelumas, APAR, Trims","F","F","A","B","F","F","F","F","A","F","F","F","F","F","A","F","F","A","F","F","F","F","F","X","X","X","X","X","A","F","F","F","A","D","B","C","A","F","F","A","C","F","F","F","F","A","F","A","A","F","F","X","B","F","F","F","B","A","A","B","F","F","F","F","F","F","A","D","F","A","A","A","A","A","A","C","F","F","F","F","X"
"2025-08-20","2025-08-19","43-50724","IV","2025","RUAS JALAN TOL SEMARANG SOLO KM 444","Kab Semarang","CODO I","SBM Semarang I Fuel","BOA1","BOA2","NOT CERTIFIED","78.31","81.67","81.20","73.12","0.00","0.00","0.00","0.00","0.00","Basic","Izin Prinsip, ST Air, Safetyman, CCTV, ST Manhole","A","A","A","B","C","C","C","A","A","A","B","B","C","A","A","A","A","A","A","F","A","A","A","X","F","A","A","X","C","A","A","A","A","B","A","B","A","C","A","F","X","A","A","A","A","A","A","F","F","A","A","F","C","A","A","F","A","A","A","A","A","A","A","A","A","A","A","B","A","A","A","A","A","A","F","A","F","F","F","A","X"
"2025-08-19","2025-08-19","54-83605","V","2025","DS.JEROWARU KC.PEMB J'WARU","Kab Lombok Timur","DODO","SBM NTB I Fuel","BOA1","BOA2","NOT CERTIFIED","54.88","47.00","60.05","56.57","0.00","0.00","0.00","0.00","0.00","Basic","Pelumas, Masa Berlaku APAR, CCTV, Nol, Izin Prinsip, Breakaway Valve, APAR","F","F","A","B","F","C","F","F","A","A","C","C","A","F","A","A","A","A","F","A","A","F","F","X","X","F","X","X","C","F","F","A","A","B","C","B","F","F","C","A","F","F","A","F","A","A","F","A","A","A","F","X","B","A","F","A","C","A","A","A","F","F","F","F","F","F","F","D","F","F","A","A","A","A","F","C","F","F","F","F","X"
"2025-08-19","2025-08-19","54-67142","V","2025","LOKASI DS.CAPANG - KEC.PURWODADI","Kab Pasuruan","","SBM Malang I Fuel","BOA1","BOA2","NOT CERTIFIED","32.48","44.33","17.02","35.10","0.00","0.00","0.00","0.00","0.00","Basic","EDC, DU Dispenser, APAR, Safetyman, ST Air, Masa Berlaku APAR, Pelumas, Grounding, Izin Prinsip, Breakaway Valve","A","F","A","B","F","C","F","C","A","F","C","F","C","F","A","A","F","F","F","F","F","F","F","X","X","X","X","F","F","F","F","F","A","D","B","B","A","F","F","A","X","F","A","F","F","A","F","A","F","F","F","X","B","F","F","F","C","A","F","B","F","A","F","F","F","F","F","B","F","A","A","F","F","F","A","C","F","F","F","F","X"
"2025-08-21","2025-08-19","74-94301","VII","2025","Desa Pambolowo - Parigi, Kab. Parimo","Kab. Parimo","DODO","SBM Sulteng I Fuel","BOA1","BOA2","NOT CERTIFIED","56.45","58.00","77.82","38.85","0.00","0.00","0.00","0.00","0.00","Basic","Pelumas, APAR, Izin Prinsip, Masa Berlaku APAR, Breakaway Valve, APAB, Safetyman, ST Air","A","F","A","A","F","C","F","A","A","F","B","C","A","F","A","A","F","A","F","F","A","A","A","X","X","X","X","X","A","A","F","F","F","C","C","C","F","F","F","A","C","F","F","F","A","A","F","A","F","F","F","X","A","F","F","F","A","A","A","C","F","A","F","F","F","F","A","C","A","A","F","A","A","F","A","C","F","F","F","F","C"
"2025-08-20","2025-08-18","54-62314","V","2025","DS. SUKOLILO KEC. BANCAR, Kab. Tuban","Kab. Tuban","DODO","SBM Surabaya III Fuel","BOA1","BOA2","NOT CERTIFIED","75.44","83.00","71.49","71.93","0.00","0.00","0.00","0.00","0.00","Basic","Pelumas, Safetyman, Breakaway Valve, APAR, Izin Prinsip","A","F","A","B","C","A","C","A","A","A","A","C","A","A","A","A","F","A","F","A","A","F","F","X","X","F","X","X","A","A","F","A","A","C","B","B","A","C","A","A","A","F","A","A","A","A","F","A","A","A","A","F","A","A","A","F","B","A","A","A","F","A","F","F","F","F","A","A","A","A","F","F","A","A","A","C","F","F","F","F","X"
"2025-08-19","2025-08-18","34-40346","III","2025","JALAN PACET CIKITU, DESA CIKITU, KE","Kab BAndung","DODO","SBM Bandung II Fuel","BOA1","BOA2","NOT CERTIFIED","88.77","75.33","95.21","93.98","0.00","0.00","0.00","0.00","0.00","Basic","APAR","A","A","A","B","F","A","C","A","A","F","B","C","A","A","A","A","A","A","A","F","F","A","A","X","A","X","X","A","A","A","A","A","A","B","A","B","A","A","A","A","A","F","A","A","A","A","A","A","A","A","A","X","A","A","A","A","A","A","A","A","A","A","A","A","A","A","A","A","A","A","A","A","A","A","A","A","F","F","A","B","A"
"2025-08-18","2025-08-18","24-341160","II","2025","JL. RAYA MERAPI KEL. FAJAR MATARAM","Kab Lampung Tengah","DODO","SBM Lampung II Fuel","BOA1","BOA2","NOT CERTIFIED","86.91","85.67","98.99","78.78","0.00","0.00","0.00","0.00","0.00","Basic","APAR, Masa Berlaku APAR","A","A","A","B","A","A","C","C","A","A","B","B","A","F","A","A","A","A","A","F","A","A","A","X","X","A","X","X","A","A","A","A","A","B","A","B","A","A","A","A","F","F","A","F","A","A","A","A","A","A","A","F","B","A","F","A","B","A","A","B","A","A","A","A","A","A","A","A","A","A","A","A","A","F","A","C","F","B","A","A","A"
"2025-08-20","2025-08-18","54-62311","V","2025","DS. MERKAWANG  KEC.TAMBAK BOYO, Kab. Tuban","Kab. Tuban","DODO","SBM Surabaya III Fuel","BOA1","BOA2","NOT CERTIFIED","66.83","77.00","66.45","59.50","0.00","0.00","0.00","0.00","0.00","Basic","APAR, Safetyman, Pelumas, Izin Prinsip","A","F","A","B","F","A","C","A","A","A","B","C","A","A","A","A","F","A","F","F","F","F","F","X","X","F","X","X","A","A","F","A","A","C","B","B","A","F","F","F","F","F","A","A","A","A","A","A","A","A","A","F","A","F","A","F","A","A","A","A","F","A","F","F","F","F","A","C","A","A","F","A","A","A","A","C","F","F","F","F","F"
"2025-08-20","2025-08-18","14-237452","I","2025","Jl. Simpang kiri. Subulussalam ","Kota Subulussalam","DODO","SBM Aceh II Fuel","BOA1","BOA2","NOT CERTIFIED","67.08","40.33","87.54","71.20","0.00","0.00","0.00","0.00","0.00","Basic","Safetyman, Salam, Pelumas, Nol, Izin Prinsip, CCTV, ST Air","A","F","A","B","F","F","F","F","A","F","B","C","A","F","A","A","A","A","F","F","A","A","A","X","X","A","X","F","A","A","F","A","A","B","B","B","A","C","F","A","C","A","A","A","A","A","A","A","F","A","A","X","B","F","A","F","B","A","A","B","A","A","F","F","F","A","A","A","A","A","A","A","A","F","F","C","F","F","F","F","X"
"2025-08-19","2025-08-18","54-65330","V","2025","DS. PUJON LOR KEC. PUJON","Kab Malang","DODO","SBM Malang I Fuel","BOA1","BOA2","NOT CERTIFIED","40.44","20.00","53.38","45.66","0.00","0.00","0.00","0.00","0.00","Basic","Nol, APAR, CCTV, EDC, Breakaway Valve, Masa Berlaku APAR, HP, Izin Prinsip, APAB, Safetyman, Trims, Salam, Pelumas","A","F","F","B","F","F","F","F","A","F","F","F","F","F","A","F","F","A","F","F","A","F","F","X","X","F","X","F","A","F","F","F","F","C","A","B","A","F","F","A","F","F","F","F","A","A","F","A","A","A","F","F","A","F","F","F","A","A","A","A","F","A","F","F","F","A","A","C","A","A","F","A","F","A","F","C","F","F","F","F","X"
"2025-08-19","2025-08-18","54-67216","V","2025","Jl. Ry Karang Anyar - Paiton","Kab Probolinggo","DODO","SBM Malang II Fuel","BOA1","BOA2","NOT CERTIFIED","38.97","35.67","30.33","47.92","0.00","0.00","0.00","0.00","0.00","Basic","CCTV, Masa Berlaku APAR, Safetyman, APAB, ST Air, APAR, Salam, Izin Prinsip, Trims","F","F","A","B","F","F","F","A","A","F","A","B","F","F","A","A","F","A","A","F","A","F","F","X","X","F","X","F","F","F","F","A","A","D","B","C","A","A","C","F","C","F","F","F","A","A","A","A","F","F","F","A","A","F","F","F","C","A","A","B","F","A","A","A","A","F","A","B","F","A","A","A","A","F","F","A","F","F","F","B","F"
"2025-08-20","2025-08-18","54-62303","V","2025","DS. PURWOREJO - KEC. JENU, Kab. Tuban","Kab. Tuban","DODO","SBM Surabaya III Fuel","BOA1","BOA2","NOT CERTIFIED","51.71","73.67","42.38","42.25","0.00","0.00","0.00","0.00","0.00","Basic","Izin Prinsip, Breakaway Valve, Pelumas, APAR, DU Dispenser, ST Air, Safetyman, Ducting, Masa Berlaku APAR","A","F","A","B","F","A","C","A","A","A","B","C","A","F","F","A","F","F","F","F","A","F","F","X","X","F","X","X","C","A","F","A","A","B","A","B","A","F","C","A","A","F","A","F","A","F","F","A","F","A","F","F","B","F","F","F","B","F","F","B","F","A","F","F","F","F","F","C","A","A","F","F","A","A","A","C","F","F","F","F","F"
"2025-08-20","2025-08-18","14-2846111","I","2025","Jl. Teratai buluh","Kab Kampar","DODO","SBM Riau I Fuel","BOA1","BOA2","NOT CERTIFIED","83.97","79.00","98.47","76.82","0.00","0.00","0.00","0.00","0.00","Basic","Breakaway Valve, APAB","A","A","A","B","A","A","A","C","A","F","B","C","C","A","A","A","A","A","A","A","A","A","X","X","A","A","X","A","A","A","C","A","A","B","B","C","A","A","A","A","A","A","F","A","A","A","F","A","A","A","F","A","B","F","A","A","B","F","F","A","A","A","F","F","F","A","A","B","A","A","A","A","A","A","A","C","B","F","A","B","A"
"2025-08-19","2025-08-18","54-67212","V","2025","Jl. Raya Pejurangan Gending Probolinggo","Kab Probolinggo","DODO","SBM Malang II Fuel","BOA1","BOA2","NOT CERTIFIED","87.36","75.67","92.52","92.25","0.00","0.00","0.00","0.00","0.00","Basic","Safetyman","A","A","A","B","A","C","C","C","A","F","C","B","A","A","A","A","A","A","A","A","A","A","A","X","X","A","A","X","B","A","A","A","A","B","A","B","A","A","C","A","A","A","A","A","A","A","A","A","A","A","A","A","A","A","A","F","C","A","A","A","A","A","A","A","A","A","A","C","A","A","A","A","A","A","A","A","A","A","A","A","C"
"2025-08-19","2025-08-18","14-237449","I","2025","JL. LIPAT KAJANG ATAS, KEL. LIPAT K","Kab Singkil","DODO","SBM Aceh II Fuel","BOA1","BOA2","NOT CERTIFIED","78.81","65.00","95.21","75.79","0.00","0.00","0.00","0.00","0.00","Basic","Izin Prinsip, Safetyman, Pelumas, CCTV, APAR","A","F","A","B","F","C","F","C","A","A","B","B","A","A","A","A","A","A","F","F","A","A","A","X","X","A","X","A","A","A","A","A","A","A","B","B","A","A","A","A","A","F","A","A","A","A","A","A","A","A","F","X","A","A","F","F","B","A","A","B","A","A","A","F","F","A","A","B","A","A","A","A","A","A","F","C","F","F","F","F","X"
"2025-08-20","2025-08-18","54-62316","V","2025","DS. BEJI  KEC. JENU, Kab. Tuban","Kab. Tuban","DODO","SBM Surabaya III Fuel","BOA1","BOA2","NOT CERTIFIED","62.28","67.00","54.75","64.40","0.00","0.00","0.00","0.00","0.00","Basic","Izin Prinsip, Pelumas, APAR, Safetyman","F","F","A","B","F","A","C","A","A","A","B","C","A","F","A","A","F","A","F","F","A","F","F","X","X","F","X","X","C","A","F","A","A","B","B","B","A","F","C","A","C","F","A","A","A","A","A","A","A","A","A","F","A","F","A","F","B","A","A","A","F","A","F","F","F","F","F","F","F","F","F","F","A","A","A","C","F","F","F","F","F"
"2025-08-19","2025-08-18","54-65156","V","2025","Jl. Raya Mulyorejo Kec.Ngantang","Kab Malang","DODO","SBM Malang I Fuel","BOA1","BOA2","NOT CERTIFIED","67.13","56.67","82.75","63.25","0.00","0.00","0.00","0.00","0.00","Basic","Izin Prinsip, APAB, Safetyman, Salam, Masa Berlaku APAR, Ducting, APAR","A","A","A","B","F","F","A","A","F","F","A","F","A","F","A","A","A","A","F","A","A","A","A","X","X","A","F","X","A","F","F","F","A","C","A","C","A","A","A","F","A","F","F","F","A","F","A","A","A","A","F","F","A","A","A","F","A","A","A","A","A","A","A","A","A","A","A","A","A","A","F","F","A","A","A","A","F","F","F","A","A"
"2025-08-20","2025-08-18","84-97502","VIII","2025","Jl Ahmad Yani","Kab Buru","DODO","SBM Maluku II","BOA1","BOA2","NOT CERTIFIED","48.14","33.33","46.76","60.28","0.00","0.00","0.00","0.00","0.00","Basic","Pelumas, Nol, Izin Prinsip, Salam, ST Air, ST Manhole, APAB","A","F","A","B","F","F","F","F","A","F","B","F","C","F","A","A","A","A","F","F","A","A","A","X","X","X","X","X","F","A","F","A","F","B","B","C","A","F","A","A","A","A","F","A","A","A","A","F","F","A","F","F","B","F","F","A","C","A","A","B","F","A","F","F","F","F","A","A","A","A","A","A","A","F","A","C","F","F","F","F","F"
"2025-08-20","2025-08-16","54-62330","V","2025","JL. RAYA PONCO - JATIROGO KEL. PARANG BATU KEC. PARENGAN","Kab. Tuban","DODO","SBM Surabaya III Fuel","BOA1","BOA2","NOT CERTIFIED","80.05","83.00","74.63","81.90","0.00","0.00","0.00","0.00","0.00","Basic","Izin Prinsip, Pelumas","A","A","A","A","F","A","C","A","A","A","B","B","A","F","A","A","F","A","F","A","A","F","F","X","X","X","X","X","A","A","F","A","A","A","B","B","A","A","A","A","A","A","A","A","A","A","A","A","A","A","F","F","A","F","A","A","A","A","A","A","A","A","F","F","F","F","A","A","A","A","A","A","A","A","A","A","F","F","F","F","C"
"2025-08-18","2025-08-16","14-237421","I","2025","Desa Rimo, Kec. Gunung Meriah Aceh Singkil  Provinsi Aceh","Kab Singkil","DODO","SBM Aceh II Fuel","BOA1","BOA2","NOT CERTIFIED","37.95","36.67","27.11","46.41","0.00","0.00","0.00","0.00","0.00","Basic","APAR, DU Dispenser, Izin Prinsip, Safetyman, Breakaway Valve, Pelumas, Grounding, Salam, CCTV","F","F","A","B","F","F","F","C","A","F","B","F","A","F","A","A","F","F","F","F","F","X","F","X","X","F","X","A","F","A","F","A","A","E","B","B","F","A","F","A","A","F","A","A","F","A","F","A","A","F","F","X","B","F","F","F","B","F","F","C","F","A","F","F","F","A","A","B","A","A","A","A","A","F","F","C","F","F","F","F","X"
"2025-08-20","2025-08-16","54-62315","V","2025","DS. PEKUWON, RENGEL, Kab. Tuban","Kab. Tuban","DODO","SBM Surabaya III Fuel","BOA1","BOA2","NOT CERTIFIED","74.69","92.00","87.60","51.53","0.00","0.00","0.00","0.00","0.00","Basic","Grounding, Izin Prinsip, Safetyman, Pelumas, APAR, Breakaway Valve","A","A","A","B","C","A","A","A","A","A","B","C","A","A","A","A","A","A","F","F","A","A","X","X","X","X","X","X","A","A","F","A","F","B","A","B","A","F","F","A","C","F","A","A","F","A","F","A","A","A","F","F","A","F","A","F","A","A","A","A","F","A","F","F","F","F","F","C","F","F","F","F","A","A","A","C","F","F","F","F","X"
"2025-08-19","2025-08-16","54-65139","V","2025","Jl. Raya Bantur, Malang","Kab Malang","DODO","SBM Malang I Fuel","BOA1","BOA2","NOT CERTIFIED","53.12","28.00","71.25","57.95","0.00","0.00","0.00","0.00","0.00","Basic","Izin Prinsip, APAB, Safetyman, APAR, Nol, Masa Berlaku APAR, Pelumas","F","F","A","B","F","C","F","F","F","F","D","F","A","F","A","A","A","A","F","A","A","F","F","X","X","F","F","X","A","F","F","F","A","C","A","C","A","F","C","F","F","F","F","F","A","A","A","A","A","A","F","A","A","F","A","F","A","A","A","A","A","A","F","F","F","A","A","C","A","A","F","A","A","A","A","A","F","F","F","F","X"
"2025-08-19","2025-08-16","44-53231","IV","2025","JL. RAYA WANGON-CILACAP, DS. TRITIH","Kab Cilacap","DODO","SBM Tegal III Fuel","BOA1","BOA2","NOT CERTIFIED","90.95","93.33","100.00","82.38","0.00","0.00","0.00","0.00","0.00","Basic","Grounding, Safetyman","A","A","A","B","A","C","A","A","A","A","B","A","A","A","A","A","A","A","A","A","A","A","A","X","A","X","X","A","A","A","A","A","A","B","A","B","A","A","A","A","A","A","A","A","F","A","A","A","A","A","F","A","A","A","F","F","A","A","A","B","A","A","A","A","A","A","A","A","A","A","A","A","A","F","A","A","F","F","A","A","A"
"2025-08-20","2025-08-16","54-62332","V","2025","JL. RAYA RENGEL KEL. SUMBEREJO KEC. RANGEL","Kab. Tuban","DODO","SBM Surabaya III Fuel","BOA1","BOA2","NOT CERTIFIED","74.58","93.67","73.56","61.02","0.00","0.00","0.00","0.00","0.00","Basic","Safetyman, Breakaway Valve, Izin Prinsip, Pelumas, APAR","A","A","A","A","A","A","C","A","A","A","B","C","A","A","A","A","F","A","F","F","A","F","F","X","X","X","X","X","A","A","F","A","A","A","B","B","A","C","A","A","C","F","A","A","A","A","F","A","A","F","F","F","A","F","F","F","A","A","A","A","A","A","F","F","F","A","A","A","A","A","F","A","A","A","A","C","F","F","F","F","A"
"2025-08-20","2025-08-16","74-90701","VII","2025","Jl Ds Kajuara Kec.Tanete Riaja. Kab. Barru","Kab Barru","DODO","SBM Sulselbar III Fuel","BOA1","BOA2","NOT CERTIFIED","88.05","89.67","88.50","86.50","0.00","0.00","0.00","0.00","0.00","Basic","Safetyman, Breakaway Valve","A","A","A","B","C","A","A","A","A","A","B","B","A","F","A","A","A","A","F","A","A","A","A","X","X","A","X","A","A","F","F","A","A","A","A","B","A","A","A","A","C","A","A","A","A","A","F","A","A","A","F","A","A","A","A","F","A","A","A","B","A","A","A","A","A","A","A","A","A","A","A","A","A","A","A","A","F","B","A","A","A"
"2025-09-12","2025-08-16","14-286141","I","2025","Jl. Pekanbaru-Duri KM.83 Kandis","Kab Siak","DODO","SBM Riau I Fuel","BOA1","CA","CERTIFIED","89.68","83.67","91.57","93.05","0.00","0.00","0.00","0.00","0.00","Basic","","A","A","A","B","A","A","C","A","A","F","B","C","A","A","A","A","A","A","A","F","A","A","X","X","A","A","X","A","B","A","A","A","A","B","B","C","A","A","A","F","A","A","A","A","A","A","A","A","A","A","A","X","A","A","A","A","B","A","A","B","A","A","A","A","A","A","A","B","A","A","A","A","A","A","A","A","A","A","A","B","A"
"2025-08-18","2025-08-16","14-237447","I","2025","Desa Pulau Sarok, Kec. Singkil Utara Kab. Aceh Singkil  Provinsi Aceh","Kab Singkil","DODO","SBM Aceh II Fuel","BOA1","BOA2","NOT CERTIFIED","53.79","34.67","60.42","62.48","0.00","0.00","0.00","0.00","0.00","Basic","Breakaway Valve, Izin Prinsip, Nol, Pelumas, Safetyman, Salam","F","F","A","B","F","F","F","F","A","F","B","B","A","F","A","A","F","A","F","F","A","A","A","X","X","F","X","F","C","A","F","A","A","B","B","B","A","A","A","A","A","A","A","A","A","A","F","A","A","F","F","F","B","F","F","F","C","A","A","B","F","A","F","F","F","A","A","B","A","A","A","A","A","F","A","C","F","F","F","F","X"
"2025-08-19","2025-08-16","54-65141","V","2025","Jl Nasional 3 tlogosari Tirtoyudho","Kab Malang","DODO","SBM Malang I Fuel","BOA1","BOA2","NOT CERTIFIED","40.55","23.33","63.62","36.10","0.00","0.00","0.00","0.00","0.00","Basic","Safetyman, APAB, Pelumas, Salam, Izin Prinsip, CCTV, APAR, ST Air, Masa Berlaku APAR, Breakaway Valve, Trims, Nol","A","F","A","B","F","F","F","F","A","F","F","F","F","F","A","F","A","A","F","F","A","F","F","X","X","F","F","X","A","F","F","F","A","C","A","C","A","F","F","F","F","F","F","F","A","A","F","A","F","A","F","F","A","F","F","F","A","A","A","A","F","A","F","F","F","F","F","A","A","F","F","A","A","A","F","A","F","F","F","F","X"
"2025-08-20","2025-08-16","74-92721","VII","2025","JL. POROS BONE-WAJO DESA/KELURAHAN","Kab Bone","DODO","SBM Sulselbar II Fuel","BOA1","CA","CERTIFIED","94.46","88.33","95.21","98.50","0.00","0.00","0.00","0.00","0.00","Basic","","A","A","A","A","C","C","C","A","A","A","B","A","A","A","A","A","A","A","A","F","A","A","F","X","X","A","X","A","A","A","A","A","A","A","A","A","A","A","A","A","A","A","A","A","A","A","A","A","A","A","A","A","B","A","A","A","A","A","A","A","A","A","A","A","A","A","A","A","A","A","A","A","A","A","A","A","F","B","A","A","A"
"2025-08-20","2025-08-16","74-94312","VII","2025","Jl. Trans Sulawesi Kec. Moutong, Kab. Parimo","Kab. Parimo","DODO","SBM Sulteng I Fuel","BOA1","BOA2","NOT CERTIFIED","81.82","85.67","91.73","71.69","0.00","0.00","0.00","0.00","0.00","Basic","Pelumas, APAR, Izin Prinsip","F","A","A","A","A","A","C","A","A","A","A","B","A","F","A","A","A","A","F","F","A","A","A","X","X","X","X","A","A","C","C","A","A","C","B","B","A","C","C","A","X","F","A","A","A","A","A","A","A","A","F","F","A","F","A","A","B","A","A","A","A","A","F","F","F","A","F","C","A","A","A","F","A","A","A","A","F","F","F","F","F"
"2025-08-18","2025-08-15","54-62312","V","2025","DS. SUGIH WARAS KEC. JENU, Kab. Tuban","Kab. Tuban","DODO","SBM Surabaya III Fuel","BOA1","BOA2","NOT CERTIFIED","56.27","72.00","52.46","46.91","0.00","0.00","0.00","0.00","0.00","Basic","Grounding, Izin Prinsip, Safetyman, Breakaway Valve, DU Dispenser, Ducting, Pelumas, APAB, APAR","F","F","A","B","C","A","C","A","A","A","B","C","A","F","F","A","F","F","F","F","F","F","F","X","X","F","X","X","A","C","F","A","A","B","A","B","A","F","F","A","A","F","F","A","F","F","F","A","A","A","F","F","A","F","A","F","B","F","F","A","F","A","F","F","F","A","A","C","A","A","F","A","A","A","A","C","F","F","F","F","X"
"2025-08-20","2025-08-15","54-62124","V","2025","JL. BABAT-CARUBAN, DS.STATUREJO, KEC.BAURENO","Kab. Bojonegoro","DODO","SBM Surabaya III Fuel","BOA1","BOA2","NOT CERTIFIED","65.99","61.33","70.48","66.12","0.00","0.00","0.00","0.00","0.00","Basic","Izin Prinsip, Safetyman, Breakaway Valve, Pelumas","A","F","A","B","F","A","F","A","A","F","B","B","A","F","A","A","F","A","F","F","A","F","F","X","X","F","X","X","A","A","F","A","A","B","B","B","A","A","C","A","A","A","A","A","A","A","F","A","A","F","F","F","A","F","A","F","B","A","A","B","F","A","F","F","F","A","A","A","A","A","F","A","A","A","A","A","B","B","F","F","F"
"2025-08-20","2025-08-15","74-90207","VII","2025","Jl. Perintis Kemerdekaan Km.19","Kota Makassar","DODO","SBM Sulselbar I Fuel","BOA1","BOA2","NOT CERTIFIED","72.48","74.33","60.94","79.75","0.00","0.00","0.00","0.00","0.00","Basic","Safetyman, Izin Prinsip","A","F","A","A","C","C","C","C","A","A","A","B","A","F","A","A","A","A","F","F","A","F","F","X","X","F","F","F","B","F","F","F","A","B","B","B","A","C","C","A","A","A","A","A","A","A","A","A","A","A","F","F","A","A","F","F","A","A","A","A","A","A","A","A","A","A","A","A","A","A","A","A","A","A","A","A","F","F","F","A","A"
"2025-09-12","2025-08-15","34-41365","III","2025","KP. DAPUR ARENG KEL. CENGKONG KEC.","Kab Karawang","DODO","SBM Karawang II Fuel","BOA1","CA","CERTIFIED","92.82","80.00","100.00","97.05","0.00","0.00","0.00","0.00","0.00","Basic","","A","F","A","B","F","A","C","A","A","A","A","A","A","A","A","A","A","A","A","A","A","A","A","X","X","X","X","X","A","A","A","A","A","B","A","A","A","C","A","A","A","A","A","A","A","A","A","A","A","A","A","A","A","A","A","A","A","A","A","A","A","A","A","A","A","A","A","A","A","A","A","A","A","A","A","C","F","B","A","B","C"
"2025-08-18","2025-08-15","14-237414","I","2025","Jalan Medan - Subulussalam, Desa Penanggalan, Kecamatan Penanggalan, Kota Subulussalam, Provinsi Aceh","Kota Subulussalam","DODO","SBM Aceh II Fuel","BOA1","BOA2","NOT CERTIFIED","71.06","57.33","88.13","67.72","0.00","0.00","0.00","0.00","0.00","Basic","Breakaway Valve, Izin Prinsip, APAB, ST Manhole, Safetyman","A","F","A","B","F","C","F","A","A","F","B","B","A","F","A","A","A","A","F","F","A","A","A","X","X","A","A","A","A","F","F","A","A","B","B","B","A","A","A","A","A","A","F","A","A","A","F","F","A","F","F","X","B","A","A","F","B","A","A","B","A","A","F","F","F","A","A","B","A","A","A","A","A","F","A","C","F","F","F","A","X"
"2025-08-19","2025-08-15","54-83511","V","2025","JL. PAHLAWAN, KEL. PRAYA KEC. PRAYA","Kab Lombok Tengah","DODO","SBM NTB I Fuel","BOA1","BOA2","NOT CERTIFIED","53.77","64.00","39.43","55.96","0.00","0.00","0.00","0.00","0.00","Basic","Izin Prinsip, Pelumas, Safetyman, APAR, Masa Berlaku APAR, Breakaway Valve","F","A","A","B","F","C","C","C","A","A","C","C","C","A","A","A","A","A","F","F","A","F","F","X","X","F","F","X","F","C","C","A","A","A","A","A","A","F","C","A","C","F","A","F","A","A","F","A","A","F","F","X","A","F","F","F","A","A","A","B","A","A","F","F","F","F","A","A","A","A","A","A","A","F","A","A","F","F","F","F","X"
"2025-08-19","2025-08-15","54-80703","V","2025","JL. RAYA KLUNGKUNG, DESA BATUTABIH, Kab. Klungkung","Kab. Klungkung","DODO","SBM Bali I Fuel","BOA1","BOA2","NOT CERTIFIED","55.73","51.00","69.31","48.99","0.00","0.00","0.00","0.00","0.00","Basic","Grounding, Breakaway Valve, Izin Prinsip, Pelumas, APAB, Safetyman, Masa Berlaku APAR, APAR, ST Air","F","F","A","B","F","C","C","C","A","A","F","C","C","F","A","A","F","A","F","F","A","F","F","X","X","X","X","X","A","F","F","A","A","B","B","B","A","A","A","A","X","F","F","F","F","A","F","A","F","A","F","X","B","F","F","F","B","A","A","B","F","A","A","A","A","A","F","D","F","A","A","A","A","A","A","C","F","F","F","F","X"
"2025-08-19","2025-08-15","54-65147","V","2025","Jl. Mayjend. Sungkono Kec.Buring","Kota Malang","DODO","SBM Malang I Fuel","BOA1","BOA2","NOT CERTIFIED","34.23","21.67","30.20","45.98","0.00","0.00","0.00","0.00","0.00","Basic","EDC, Salam, APAR, Nol, Pelumas, Breakaway Valve, APAB, Produk JBU, Izin Prinsip, Trims, Safetyman, Masa Berlaku APAR","F","A","A","C","F","F","F","F","A","F","F","F","F","F","A","F","A","A","F","F","A","A","X","X","X","X","X","X","F","F","F","F","F","C","A","B","A","F","A","F","C","F","F","F","A","A","F","A","A","A","F","F","A","F","F","F","A","A","A","A","F","A","F","F","F","F","A","C","A","A","F","A","F","A","A","F","F","F","F","F","X"
"2025-08-19","2025-08-15","33-43101","III","2025","Jl. Raya Cimuncang Sukaraja","Kab Sukabumi","CODO I","SBM Sukabumi I Fuel","BOA1","BOA2","NOT CERTIFIED","50.78","47.33","44.42","57.66","0.00","0.00","0.00","0.00","0.00","Basic","Masa Berlaku APAR, Pelumas, Izin Prinsip, Breakaway Valve, Safetyman, CCTV","F","A","A","B","F","C","F","C","A","F","C","C","C","F","A","A","A","A","F","A","A","A","F","X","X","X","X","X","F","C","C","A","F","D","B","B","A","C","C","F","C","A","A","F","A","A","F","A","A","A","F","X","C","A","F","F","B","A","A","B","F","A","A","A","A","F","A","B","F","F","A","A","A","A","F","C","F","F","F","F","X"
"2025-08-18","2025-08-15","54-62302","V","2025","DS. GLODOK KEC.PALANG, Kab. Tuban","Kab. Tuban","DODO","SBM Surabaya III Fuel","BOA1","BOA2","NOT CERTIFIED","62.48","75.67","66.45","49.16","0.00","0.00","0.00","0.00","0.00","Basic","Grounding, APAB, APAR, ST Air, Pelumas, Izin Prinsip, Safetyman","A","F","A","A","C","A","F","A","A","A","B","B","C","A","A","A","F","A","F","F","F","F","F","X","X","F","X","X","A","A","F","A","A","B","B","B","F","F","F","A","F","F","F","A","F","A","A","A","F","A","F","F","A","F","A","F","A","A","F","B","F","A","F","F","F","A","A","C","A","A","A","A","A","A","A","C","F","F","F","F","X"
"2025-08-18","2025-08-15","74-94303","VII","2025","Trans sulawesi ds kasimbar kec parimo","Kab Parigi Moutong","DODO","SBM Sulteng I Fuel","BOA1","BOA2","NOT CERTIFIED","60.85","61.33","49.50","69.00","0.00","0.00","0.00","0.00","0.00","Basic","Pelumas, Safetyman, Izin Prinsip","F","F","A","A","C","C","C","A","A","F","B","C","A","F","A","A","F","A","F","F","A","A","A","X","X","A","X","A","F","A","A","A","A","A","C","A","A","A","A","F","C","A","A","A","A","A","A","A","A","A","F","F","A","A","F","F","B","A","A","A","F","A","F","F","F","A","F","A","A","A","A","A","A","F","A","A","F","F","F","F","F"
"2025-08-19","2025-08-15","54-65191","V","2025","JALAN S. SUPRIADI KEL. KEBONSARI KE","Kota Malang","DODO","SBM Malang I Fuel","BOA1","BOA2","NOT CERTIFIED","67.48","67.33","72.76","63.62","0.00","0.00","0.00","0.00","90.00","Basic","Safetyman, Pelumas, Masa Berlaku APAR, Izin Prinsip, ST Manhole","A","A","A","B","F","C","C","C","A","F","B","C","A","A","A","A","A","A","F","F","A","X","F","X","F","X","F","X","A","F","F","F","A","A","A","A","A","C","C","F","C","A","A","F","A","A","A","F","A","A","F","F","A","A","F","F","A","A","A","A","A","A","A","A","A","A","A","A","A","A","A","A","A","F","A","A","F","F","F","F","F"
"2025-08-16","2025-08-15","34-46302","III","2025","Jl. Siliwangi (Ciamis - Banjar) Banjar","Kota Banjar","","SBM Bandung IV Fuel","BOA1","BOA2","NOT CERTIFIED","84.57","80.00","85.05","87.62","0.00","0.00","0.00","0.00","0.00","Basic","APAR, Safetyman","A","A","A","B","A","C","A","A","A","F","B","B","C","A","A","A","A","A","A","A","A","A","A","X","X","A","A","X","C","A","A","A","A","B","A","B","A","A","A","A","C","F","A","A","A","A","A","A","A","A","A","A","C","A","A","F","B","A","A","B","A","A","A","A","A","A","A","A","A","A","F","A","A","A","A","A","B","A","A","A","A"
"2025-08-16","2025-08-15","34-16109","III","2025","Jl. A.Yani Kedung halang","Kota Bogor","DODO","SBM Jabode V Fuel","BOA1","BOA2","NOT CERTIFIED","86","81.00","82.56","92.62","0.00","0.00","0.00","0.00","0.00","Basic","","A","A","A","B","A","C","C","C","A","A","B","B","C","A","A","A","A","A","A","F","A","A","A","X","A","X","A","X","C","A","C","A","A","B","B","B","A","A","A","F","C","A","A","A","A","A","A","A","A","A","A","X","A","A","A","A","B","A","A","B","A","A","A","A","A","A","A","A","A","A","A","A","A","A","A","A","A","B","A","A","A"
"2025-08-18","2025-08-15","54-62313","V","2025","DS. TEGALBANG,  KEC. PALANG, Kab. Tuban","Kab. Tuban","DODO","SBM Surabaya III Fuel","BOA1","BOA2","NOT CERTIFIED","68.83","70.33","67.18","68.18","0.00","0.00","0.00","0.00","0.00","Basic","Breakaway Valve, Izin Prinsip, APAB, Pelumas","F","F","A","B","C","A","F","A","A","A","B","C","A","A","A","A","F","A","F","F","F","F","X","X","X","F","X","X","A","A","F","A","F","B","B","B","A","F","C","A","A","A","F","A","A","A","F","A","A","A","F","F","A","A","A","A","A","A","A","A","F","A","F","F","F","A","F","A","F","F","F","A","A","F","A","C","F","F","F","F","X"
"2025-09-08","2025-08-15","44-59435","IV","2025","JL. MLONGGO - BONDO, DESA SROBOYONG","Kab. Jepara","DODO","SBM Semarang III Fuel","BOA1","CA","CERTIFIED","95.43","92.33","100.00","94.11","0.00","0.00","0.00","0.00","0.00","Basic","","A","A","A","B","A","C","A","A","A","A","B","B","A","A","A","A","A","A","A","A","A","A","A","X","A","X","X","A","A","A","A","A","A","A","A","A","A","A","A","A","A","A","A","A","A","A","A","A","A","A","A","X","B","F","A","A","A","A","A","B","A","A","A","A","A","A","A","A","A","A","A","A","A","A","A","A","F","A","A","A","X"
"2025-08-19","2025-08-15","54-65114","V","2025","Jl. S. Supriadi Sukun","Kota Malang","DODO","SBM Malang I Fuel","BOA1","BOA2","NOT CERTIFIED","47.84","47.67","55.29","42.54","0.00","0.00","0.00","0.00","0.00","Basic","Masa Berlaku APAR, ST Manhole, Izin Prinsip, Safetyman, APAB, APAR, ST Air","F","F","A","B","F","C","C","A","A","F","F","F","A","F","A","F","F","A","F","F","A","F","F","X","X","F","F","X","A","F","F","F","A","C","A","B","A","F","F","F","F","F","F","F","A","A","A","F","F","A","F","A","A","F","F","F","A","A","F","A","A","A","F","F","F","A","A","A","A","A","F","F","A","F","A","A","F","F","F","B","X"
"2025-08-18","2025-08-15","74-94304","VII","2025","Jl. Trans Sulawesi Ampibabo","Kab Parigi Moutong","DODO","SBM Sulteng I Fuel","BOA1","BOA2","NOT CERTIFIED","67.96","57.67","91.38","58.04","0.00","0.00","0.00","0.00","0.00","Basic","Izin Prinsip, ST Manhole, Breakaway Valve, ST Air, CCTV","F","F","A","A","C","C","F","C","A","A","A","C","C","F","A","A","A","A","F","F","A","A","A","X","X","A","X","A","A","A","F","A","A","A","C","B","A","F","C","A","C","A","A","A","A","A","F","F","F","F","F","F","A","F","F","A","B","A","A","A","F","A","F","F","F","A","A","A","A","A","A","A","A","A","F","A","F","F","F","B","X"
"2025-08-16","2025-08-15","34-46316","III","2025","Jl. Letjend Didi Kartasasmita","Kota Banjar","","SBM Bandung IV Fuel","BOA1","BOA2","NOT CERTIFIED","88.95","89.67","96.17","83.00","0.00","0.00","0.00","0.00","0.00","Basic","CCTV, APAR, Safetyman","A","A","A","C","A","C","A","A","A","A","B","C","A","A","A","A","A","A","F","A","A","A","A","X","X","A","A","X","A","A","A","A","A","B","A","B","A","A","A","A","A","F","A","A","A","A","A","A","A","A","F","A","C","A","A","F","B","A","A","B","A","A","A","A","A","A","A","A","A","A","F","A","A","F","F","A","F","B","A","A","A"
"2025-08-18","2025-08-15","54-83516","V","2025","JL. RAYA PRAYA  KOPANG KEL. DARMAJ","Kab Lombok Tengah","DODO","SBM NTB I Fuel","BOA1","BOA2","NOT CERTIFIED","60.17","65.67","40.39","70.88","0.00","0.00","0.00","0.00","0.00","Basic","Masa Berlaku APAR, APAR, Pelumas, Safetyman, Grounding","A","F","A","B","F","C","C","C","A","A","B","C","A","F","A","A","A","A","F","A","A","F","F","X","F","X","X","F","F","C","C","A","A","B","C","B","A","A","A","A","A","F","A","F","F","A","A","A","A","A","F","A","B","F","A","F","A","A","A","B","A","A","A","A","A","A","A","C","F","A","A","A","A","F","A","A","B","F","A","F","C"
"2025-08-16","2025-08-14","34-16904","III","2025","Jl. Mayor Oking Citeurep","Kab Bogor","DODO","SBM Jabode V Fuel","BOA1","BOA2","NOT CERTIFIED","86.21","85.67","97.63","78.07","0.00","0.00","0.00","0.00","0.00","Basic","Safetyman, ST Air, ST Manhole","A","A","A","B","C","C","C","A","A","A","B","B","A","A","A","A","A","A","A","F","A","A","A","X","A","A","A","X","A","A","C","A","A","C","A","B","A","A","A","F","C","A","A","A","A","A","A","F","F","A","A","X","A","A","A","F","B","A","A","A","A","A","A","A","A","A","A","A","A","A","A","A","A","F","A","A","F","B","A","A","F"
"2025-09-18","2025-08-14","34-41320","III","2025","Desa Gintungkerta, Kec. Klari, Karawang, Jawa Barat 41371","Karawang","DODO","SBM Karawang II Fuel","BOA1","CA","CERTIFIED","94.46","87.33","100.00","95.65","0.00","0.00","0.00","0.00","0.00","Basic","","A","A","A","A","C","A","C","C","A","A","B","B","A","A","A","A","A","A","A","A","A","A","A","X","X","A","A","X","A","A","A","A","A","B","A","B","A","A","A","A","A","A","A","A","A","A","A","A","A","A","A","A","B","A","A","A","A","A","A","B","A","A","A","A","A","A","A","A","A","A","A","F","A","A","A","A","B","F","A","B","C"
"2025-08-15","2025-08-14","54-62130","V","2025","Jl. Raya Ngawi Bojonegoro KM. 9 RT 1 RW 5 Desa Sumberejo Kec. Margomulyo","Kab. Bojonegoro","DODO","SBM Surabaya III Fuel","BOA1","BOA2","NOT CERTIFIED","86.94","80.67","97.38","83.62","0.00","0.00","0.00","0.00","0.00","Basic","Safetyman, Pelumas","A","A","A","B","F","C","A","A","A","A","B","B","A","F","A","A","A","A","A","F","A","A","A","X","X","X","X","A","A","A","C","A","A","B","A","B","A","A","A","A","A","A","A","A","A","A","A","A","A","A","F","X","A","A","F","F","A","A","A","A","A","A","A","F","A","A","A","A","A","A","A","A","A","A","A","C","F","B","A","F","C"
"2025-08-18","2025-08-14","54-83210","V","2025","Jl. Gora II, Sagalas","Kota Mataram","DODO","SBM NTB I Fuel","BOA1","CA","CERTIFIED","95.85","88.33","100.00","98.38","0.00","0.00","0.00","0.00","0.00","Basic","","A","A","A","B","A","C","A","C","A","A","B","B","A","A","A","A","A","A","A","A","A","A","A","X","A","A","A","X","A","A","A","A","A","A","B","B","A","C","A","A","A","A","A","A","A","A","A","A","A","A","A","A","A","A","A","A","B","A","A","B","A","A","A","A","A","A","A","A","A","A","A","A","A","A","A","A","B","A","A","A","A"
"2025-08-18","2025-08-14","54-81103","V","2025","JL. WR. SUPRATMAN NO. 57 PANARUKAN, Kab. Buleleng","Kab. Buleleng","DODO","SBM Bali III Fuel","BOA1","BOA2","NOT CERTIFIED","49.57","60.00","30.47","55.85","0.00","0.00","0.00","0.00","0.00","Basic","Pelumas, Masa Berlaku APAR, Izin Prinsip, APAR, Safetyman, Breakaway Valve, CCTV","F","F","A","B","F","C","C","C","A","A","B","B","A","F","A","F","A","A","F","F","A","F","F","X","X","F","F","X","F","C","F","A","A","C","B","C","A","A","A","F","X","F","A","F","A","A","F","A","A","A","F","F","B","A","F","F","B","A","A","B","F","A","F","F","F","A","A","B","A","A","F","A","A","A","F","C","F","A","F","F","X"
"2025-08-15","2025-08-14","54-62108","V","2025","LOKASI DS.SUMBER ARUM KEC.NGEROHO, Kab. Bojonegoro","Kab. Bojonegoro","DODO","SBM Surabaya III Fuel","BOA1","BOA2","NOT CERTIFIED","75.27","65.67","89.41","71.88","0.00","0.00","0.00","0.00","0.00","Basic","Safetyman, Izin Prinsip, Pelumas","F","A","A","B","F","C","F","A","A","A","B","B","A","F","A","A","A","A","F","A","A","A","A","X","A","A","X","A","A","C","F","A","F","B","B","B","A","C","A","A","A","A","A","A","A","A","A","A","A","F","F","F","B","F","A","F","B","A","A","B","F","A","F","F","F","A","A","C","A","A","A","A","A","A","A","A","B","F","F","F","C"
"2025-08-18","2025-08-14","84-97401","VIII","2025","Jl. Trans Yamdena Maluku Tengah Tenggara","Kab Kep Tanimbar","","SBM Maluku II","BOA1","BOA2","NOT CERTIFIED","47.25","50.33","19.83","65.50","0.00","0.00","0.00","0.00","0.00","Basic","APAB, Nol, APAR, Izin Prinsip, DU Dispenser, Pelumas","A","F","A","B","F","A","C","F","A","F","C","C","C","F","A","F","F","F","F","F","A","F","F","X","X","F","X","F","F","A","F","A","A","C","B","B","A","F","A","A","A","F","F","A","A","A","A","A","A","A","F","F","B","F","F","A","D","A","A","B","A","A","F","F","F","F","A","A","A","A","A","A","A","F","A","A","F","B","F","F","F"
"2025-09-08","2025-08-14","74-90607","VII","2025","Jl Poros Pankep - Barru","Kab Pangkajene Kep.","DODO","SBM Sulselbar I Fuel","BOA1","CA","CERTIFIED","91.9","96.33","91.97","88.52","0.00","0.00","0.00","0.00","0.00","Basic","","A","A","A","B","A","A","A","A","A","A","B","B","A","A","A","A","A","A","A","F","A","A","A","X","A","A","X","A","B","A","A","A","A","B","B","B","A","A","C","A","A","A","A","A","A","A","A","A","A","A","F","A","A","A","F","A","B","A","A","A","A","A","A","A","A","A","A","A","A","A","A","A","A","A","A","C","B","A","A","B","A"
"2025-08-18","2025-08-13","34-43212","III","2025","Jl. Cikalong Kulon Cianjur","Kab Cianjur","DODO","SBM Sukabumi I Fuel","BOA1","BOA2","NOT CERTIFIED","48.07","50.33","45.76","47.68","0.00","0.00","0.00","0.00","0.00","Basic","Masa Berlaku APAR, ST Air, CCTV, Pelumas, Safetyman, Izin Prinsip, Breakaway Valve","F","A","A","B","F","C","C","C","A","F","D","D","C","F","A","A","A","A","F","A","A","F","A","X","X","A","X","F","F","F","C","A","A","B","B","C","A","A","C","F","F","A","A","F","A","A","F","A","F","A","F","X","B","F","F","F","B","A","A","B","A","A","F","F","F","F","F","B","F","F","F","A","A","A","F","C","F","F","F","F","X"
"2025-08-15","2025-08-13","74-90616","VII","2025","Jl. Sultan Hasanuddin","Kab Pangkajene Kep.","DODO","SBM Sulselbar I Fuel","BOA1","BOA2","NOT CERTIFIED","87.64","96.33","88.32","80.71","0.00","0.00","0.00","0.00","0.00","Basic","Safetyman, Ducting","A","A","A","B","A","A","A","A","A","A","B","B","A","A","A","A","A","A","A","F","A","A","A","X","F","A","X","A","B","A","A","A","A","B","B","B","A","C","A","A","C","A","A","A","A","F","A","A","A","A","F","A","B","A","F","F","B","A","A","B","A","A","A","A","A","A","A","A","A","A","A","A","A","A","A","C","A","A","A","A","X"
"2025-08-13","2025-08-13","34-46127","III","2025","Jl. Mohamad Hatta No. 273 B","Kota Tasikmalaya","DODO","SBM Bandung IV Fuel","BOA1","BOA2","NOT CERTIFIED","88.49","85.00","100.00","81.72","0.00","0.00","0.00","0.00","0.00","Basic","ST Air, Safetyman, APAR, Pelumas","A","A","A","B","C","C","A","C","A","A","B","B","A","A","A","A","A","A","A","A","A","A","A","X","X","A","X","X","A","A","A","A","A","B","A","B","A","A","A","A","A","F","A","A","A","A","A","A","F","A","A","X","B","A","A","F","B","A","A","A","A","A","A","A","A","A","A","A","A","A","A","F","A","A","A","C","F","B","A","F","X"
