send_date,Audit Date,spbu_no,region,year,address,city_name,tipe_spbu,rayon,audit_level,audit_next,good_status,excellent_status,Total Score,SSS,EQnQ,RFS,VFC,EPO,kelas_spbu,penalty_good_alerts,penalty_excellent_alerts
2025-12-04,2025-12-04,44-57315,IV,2025,"LOKASI DESA MUDAL, KEC.BOYOLALI",Kab Boyolali,DODO,SBM Yogyakarta III Fuel,DAGE,DAGE,CERTIFIED,NOT CERTIFIED,93.64,97.67,100.00,92.44,98.00,60.30,Pasti Pas Good,,NFR
2025-12-04,2025-12-04,24-33294,II,2025,"Jl. Imam Bonjol, Air Ruay, Pemali",Kab Bangka,DODO,SBM Babel I,DAGE,DAE,CERTIFIED,CERTIFIED,96.25,99.33,100.00,98.25,100.00,68.00,Pasti Pas Excellent,,
2025-12-04,2025-12-04,24-38628,II,2025,Jl. Kolonel Alamsyah No.2 Ds.Gunung Agung Kec.Arga Makmur,Kab Bengkulu Utara,DODO,SBM Bengkulu I Fuel,DAGE,DAGE,CERTIFIED,NOT CERTIFIED,90.04,96.67,100.00,85.60,92.00,47.16,Pasti Pas Good,,NFR
2025-12-04,2025-12-04,44-57313,IV,2025,"Jl. Raya Boyolali – Musuk KM.6, Desa Musuk",Kab Boyolali,DODO,SBM Yogyakarta III Fuel,DAGE,TAGE1,NOT CERTIFIED,NOT CERTIFIED,87.36,91.67,96.17,84.45,94.00,47.20,Pasti Pas Good,,NFR
2025-12-04,2025-12-04,44-52117,IV,2025,Jl. Brigjen Katamso No. 39,Kota Tegal,DODO,SBM Tegal I Fuel,DAGE,TAGE1,NOT CERTIFIED,NOT CERTIFIED,91.43,96.33,100.00,86.87,92.00,59.60,Pasti Pas Good,Masa Berlaku APAR,"Jalur Fast Track, NFR, Masa Berlaku APAR"
2025-12-04,2025-12-04,24-36142,II,2025,"Jl. Adam Malik, Kel.Thehok Jambi Selatan",Kota Jambi,DODO,SBM Jambi I Fuel,DAGE,DAGE,CERTIFIED,NOT CERTIFIED,93.72,97.33,100.00,95.20,95.00,59.76,Pasti Pas Good,,"NFR, Produk JBU"
2025-12-04,2025-12-04,24-37380,II,2025,"JL. Lintas Sumatera, Desa Simpang Limbur, Kec. Pamenang Barat Kab. Merangin",Kab Merangin,DODO,SBM Jambi II Fuel,DAGE,DAE,CERTIFIED,CERTIFIED,94.79,98.33,100.00,94.39,96.00,68.00,Pasti Pas Excellent,,
2025-12-04,2025-12-04,24-34180,II,2025,Jl. Letnan Adnan - Sukadana Lintas Timur,Kab Lampung Timur,DODO,SBM Lampung II Fuel,DAGE,TAGE1,NOT CERTIFIED,NOT CERTIFIED,89.66,96.67,100.00,84.64,95.00,42.46,Pasti Pas Good,,NFR
2025-12-04,2025-12-04,44-52404,IV,2025,"Jl. Raya Banjaranyar, Balapulang",Kab Tegal,,SBM Tegal I Fuel,DAGE,DAGE,CERTIFIED,NOT CERTIFIED,92.99,99.33,100.00,92.32,98.00,49.30,Pasti Pas Good,,"Jalur Fast Track, NFR"
2025-12-04,2025-12-04,34-15411,III,2025,"Jl. Pondok Cabe Raya, Ciputat",Kab Tangerang,,SBM Banten I Fuel,DAGE,DAGE,CERTIFIED,NOT CERTIFIED,88.75,92.67,100.00,90.84,92.00,35.71,Pasti Pas Good,,"NFR, Jalur Fast Track, Produk JBU"
2025-12-04,2025-12-04,34-45237,III,2025,Jl Raya Lempuyang Desa Lempuyang Kec. Anjatan Kab. Indramayu,Kab Indramayu,DODO,SBM Cirebon II Fuel,DAGE,DAGE,CERTIFIED,NOT CERTIFIED,94.58,100.00,100.00,97.80,98.00,52.23,Pasti Pas Good,,Jalur Fast Track
2025-12-04,2025-12-04,64-79109,VI,2025,Jl. Raya Sambas,Kab Sambas,,SBM Kalbar I Fuel,DAE,DAE,CERTIFIED,CERTIFIED,90.92,86.67,100.00,89.32,95.00,75.56,Pasti Pas Excellent,,
2025-12-04,2025-12-04,44-59404,IV,2025,DS. Ngabul,Kab Jepara,,SBM Semarang III Fuel,DAGE,DAGE,CERTIFIED,NOT CERTIFIED,87.27,82.33,99.04,92.10,100.00,44.40,Pasti Pas Good,,NFR
2025-12-04,2025-12-04,74-95316,VII,2025,Jl.SBY Desa Sukur,Kab. Minahasa Utara,DODO,SBM Sulutgo I Fuel,DAGE,DAGE,CERTIFIED,NOT CERTIFIED,91.1,93.33,99.09,93.65,93.00,53.40,Pasti Pas Good,,"Jalur Fast Track, NFR"
2025-12-04,2025-12-04,44-56103,IV,2025,"Jl. A. Yani, Ds. Sambung Jambewangi, Secang",Kab Magelang,DODO,SBM Yogyakarta II Fuel,DAGE,DAGE,CERTIFIED,NOT CERTIFIED,86.55,88.33,89.05,86.95,98.00,61.50,Pasti Pas Good,,"NFR, Jalur Fast Track"
2025-12-04,2025-12-04,54-66217,V,2025,Jl. Raya Campurdarat Kec. Campurdarat,Kab Tulungagung,,SBM Kediri II Fuel,DAGE,TAGE1,NOT CERTIFIED,NOT CERTIFIED,75.46,78.67,74.03,75.97,88.00,56.76,Pasti Pas Good,APAB,"APAB, NFR, Produk JBU"
2025-12-04,2025-12-04,24-35136,II,2025,"Jl. Teuku Umar, Kedaton, Bandar Lampung",Kota Bandar Lampung,DODO,SBM Lampung I Fuel,DAGE,DAGE,CERTIFIED,NOT CERTIFIED,92.16,96.67,100.00,91.20,96.00,53.23,Pasti Pas Good,,"Jalur Fast Track, NFR"
2025-12-04,2025-12-04,34-16418,III,2025,Jl.Radar AURI Cimanggis,Kota Depok,DODO,SBM Jabode III Fuel,DAGE,TAGE1,NOT CERTIFIED,NOT CERTIFIED,64.84,95.00,22.96,80.45,85.50,48.08,Pasti Pas Good,DU Dispenser,"DU Dispenser, NFR, Jalur Fast Track"
2025-12-04,2025-12-04,54-61402,V,2025,Desa Gambiran Kec Mojoagung Kab. Jombang,Kab Jombang,DODO,SBM Surabaya II Fuel,DAGE,TAGE1,NOT CERTIFIED,NOT CERTIFIED,84.54,77.33,99.04,87.11,88.50,53.58,Pasti Pas Good,,NFR
2025-12-04,2025-12-04,14-284647,I,2025,Jl.Petapahan,Kab Kampar,,SBM Riau I Fuel,DAGE,TAGE1,NOT CERTIFIED,NOT CERTIFIED,88.1,93.33,85.43,94.55,99.00,56.60,Pasti Pas Good,APAB,"NFR, APAB"
2025-12-04,2025-12-04,54-66313,V,2025,JL. RAYA JARAKAN-KARANGAN DS. KARANGSUKO ,Kab Trenggalek,DODO,SBM Kediri II Fuel,DAGE,DAGE,CERTIFIED,NOT CERTIFIED,89.41,87.67,100.00,89.99,100.00,51.01,Pasti Pas Good,,NFR
2025-12-04,2025-12-04,24-30630,II,2025,Jl. Raya Kayuagung Kel. Mangun Jaya Kec. Kayuagung,Kab Ogan Kom Ilir,DODO,SBM Sumsel III Fuel,DAGE,DAGE,CERTIFIED,NOT CERTIFIED,88.8,97.67,91.76,92.75,96.00,38.13,Pasti Pas Good,,"NFR, Produk JBU, Jalur Fast Track"
2025-12-04,2025-12-04,54-80101,V,2025,Jl. Gatot Subroto Tengah,Kota Denpasar,DODO,SBM Bali I Fuel,DAGE,DAGE,CERTIFIED,NOT CERTIFIED,90.1,90.67,100.00,90.55,98.00,49.73,Pasti Pas Good,,"Jalur Fast Track, NFR"
2025-12-04,2025-12-04,54-61211,V,2025,Jl. Raya Sawotratap Kec. Gedangan,Kab Sidoarjo,,SBM Surabaya II Fuel,DAGE,DAGE,CERTIFIED,NOT CERTIFIED,90.2,93.33,99.13,89.69,87.00,58.30,Pasti Pas Good,,"Jalur Fast Track, NFR"
2025-12-04,2025-12-04,64-78511,VI,2025,Jl. Raya Sanggau Sekadau Ds. Semuntai Kec. Mukok,Kab Sanggau,,SBM Kalbar II Fuel,DAGE,DAGE,CERTIFIED,NOT CERTIFIED,89.56,90.00,96.97,91.40,93.00,58.86,Pasti Pas Good,,Jalur Fast Track
2025-12-04,2025-12-04,74-93301,VII,2025,Jl Mayjend Katamso,Kota Kendari,DODO,SBM Sultra II Fuel,DAGE,TAGE1,NOT CERTIFIED,NOT CERTIFIED,85.38,83.00,94.63,91.07,92.00,46.76,Pasti Pas Good,Masa Berlaku APAR,"Jalur Fast Track, Masa Berlaku APAR, NFR"
2025-12-04,2025-12-04,44-52213,IV,2025,Jl. Raya Kaliwadas No. 45-47,Kab Brebes,DODO,SBM Tegal I Fuel,DAGE,DAGE,CERTIFIED,NOT CERTIFIED,88.63,88.67,99.04,93.99,88.00,47.20,Pasti Pas Good,,"NFR, Jalur Fast Track"
2025-12-04,2025-12-04,54-62121,V,2025,"Jl. Wonosari-Sambeng No.35, Batokan, Kasiman",Kab Bojonegoro,DODO,SBM Surabaya III Fuel,DAGE,DAGE,CERTIFIED,NOT CERTIFIED,89.4,87.67,99.09,86.95,98.00,61.68,Pasti Pas Good,,NFR
2025-12-04,2025-12-04,44-50225,IV,2025,JL. RAYA GUNUNG PATI MANYARAN KM.0,Kota Semarang,DODO,SBM Semarang I Fuel,DAGE,DAGE,CERTIFIED,NOT CERTIFIED,85.75,81.33,100.00,92.00,76.00,53.40,Pasti Pas Good,,"Jalur Fast Track, NFR"
2025-12-04,2025-12-04,24-354124,II,2025,"Jl. Slamet Riyadi, Sidomulyo",Kab Lampung Selatan,DODO,SBM Lampung I Fuel,DAGE,TAGE1,NOT CERTIFIED,NOT CERTIFIED,77.48,62.67,91.38,88.44,88.00,47.93,Pasti Pas Good,,"NFR, Jalur Fast Track"
2025-12-04,2025-12-04,34-45160,III,2025,"Jl. Tol Palimanan-Kanci, Rest Area 226A, Cirebon",Kab Cirebon,DODO,SBM Cirebon I Fuel,DAG2,DAG3,CERTIFIED,NOT CERTIFIED,92.98,96.67,100.00,90.10,100.00,59.60,Pasti Pas Good,,NFR
2025-12-04,2025-12-04,44-55122,IV,2025,"Jl. Bakulan-Imogiri, Pulokadang, Desa Canden, Kec.Jetis",Kab. Bantul,DODO,SBM Yogyakarta I Fuel,DAGE,DAGE,CERTIFIED,NOT CERTIFIED,91.66,95.00,100.00,92.44,95.00,51.60,Pasti Pas Good,,NFR
2025-12-04,2025-12-04,34-13811,III,2025,Jl. Raya Bina Marga RT/RW 005/05 Kel. Cipayung Kec. Ceger,Kota Jakarta Timur,DODO,SBM Jabode I Fuel,DAGE,DAGE,CERTIFIED,NOT CERTIFIED,90.78,84.33,100.00,93.55,99.00,68.60,Pasti Pas Good,,NFR
2025-12-04,2025-12-04,44-55203,IV,2025,JL. JANTI,Kab Bantul,DODO,SBM Yogyakarta I Fuel,DAGE,DAGE,CERTIFIED,NOT CERTIFIED,92.03,96.67,100.00,92.03,100.00,46.10,Pasti Pas Good,,NFR
2025-12-04,2025-12-04,14-293134,I,2025,"Jl.Azki Aris, Rengat",Kab Indragiri Hulu,,SBM Riau III Fuel,DAGE,DAGE,CERTIFIED,NOT CERTIFIED,88.74,96.67,92.72,90.16,92.00,46.88,Pasti Pas Good,,NFR
2025-12-04,2025-12-04,24-33273,II,2025,"Jl. Jendral Sudirman, Sungailiat",Kab Bangka,DODO,SBM Babel I,DAGE,DAGE,CERTIFIED,NOT CERTIFIED,88.69,82.67,99.09,96.85,90.00,58.00,Pasti Pas Good,,"Jalur Fast Track, NFR"
2025-12-04,2025-12-04,31-11501,III,2025,Jl. Kedoya Raya No. 14,Kota Jakarta Barat,COCO,SBM Jabode II Fuel,DAE,DAE,CERTIFIED,CERTIFIED,92.47,90.00,96.17,94.27,99.00,78.60,Pasti Pas Excellent,,
2025-12-04,2025-12-04,54-64148,V,2025,"Jl. Urip Sumoharjo, Desa Kaliombo Kec. Kota",Kota Kediri,,SBM Kediri I Fuel,DAGE,DAGE,CERTIFIED,NOT CERTIFIED,86.71,85.33,100.00,87.21,94.00,42.60,Pasti Pas Good,,NFR
2025-12-04,2025-12-04,54-68104,V,2025,Jl. Gajah Mada 331 Kec. Kaliwates,Kab Jember,DODO,SBM Malang II Fuel,DAGE,DAGE,CERTIFIED,NOT CERTIFIED,92.98,94.00,100.00,93.29,95.50,65.60,Pasti Pas Good,,"NFR, Jalur Fast Track"
2025-12-04,2025-12-04,54-66132,V,2025,Ds. Sawentar Kanigoro Blitar,Kab Blitar,DODO,SBM Kediri II Fuel,DAGE,TAGE1,NOT CERTIFIED,NOT CERTIFIED,87.45,85.33,100.00,81.40,98.00,57.70,Pasti Pas Good,Izin Prinsip,"Izin Prinsip, NFR, Jalur Fast Track"
2025-12-04,2025-12-04,44-57316,IV,2025,"Jl Pemuda, Siswodipuran, (Simpang Lima) Boyolali",Kab Boyolali,DODO,SBM Yogyakarta III Fuel,DAGE,DAGE,CERTIFIED,NOT CERTIFIED,90.59,91.67,99.04,90.82,96.00,56.08,Pasti Pas Good,,"NFR, Jalur Fast Track"
2025-12-04,2025-12-04,44-59501,IV,2025,Jl.Trengguli km.7 Wonosalam,Kab Demak,DODO,SBM Semarang III Fuel,DAGE,DAGE,CERTIFIED,NOT CERTIFIED,94.75,99.33,100.00,95.55,98.00,60.46,Pasti Pas Good,,"Produk JBU, NFR, Jalur Fast Track"
2025-12-04,2025-12-04,34-43227,III,2025,Jl. Perintis Kemerdekaan No.92,Kab Cianjur,DODO,SBM Sukabumi I Fuel,DAGE,TAGE1,NOT CERTIFIED,NOT CERTIFIED,84.38,78.00,100.00,83.44,93.00,50.00,Pasti Pas Good,,"NFR, Jalur Fast Track"
2025-12-04,2025-12-04,54-80710,V,2025,DS. NEGARI KEC. BANJARANGKAN,Kab Klungkung,,SBM Bali I Fuel,DAGE,DAGE,CERTIFIED,NOT CERTIFIED,90.56,91.67,99.04,91.82,95.00,54.60,Pasti Pas Good,,"NFR, Jalur Fast Track"
2025-12-04,2025-12-04,24-36155,II,2025,Jl. DI Panjaitan Kebun Handil Jambi,Kota Jambi,DODO,SBM Jambi I Fuel,DAGE,DAGE,CERTIFIED,NOT CERTIFIED,88.29,90.67,98.17,92.35,85.00,46.76,Pasti Pas Good,,"Jalur Fast Track, NFR"
2025-12-04,2025-12-04,44-55102,IV,2025,"Jl. Wonosari Km. 5,4, Ketandan",Kab Bantul,DODO,SBM Yogyakarta I Fuel,DAGE,DAGE,CERTIFIED,NOT CERTIFIED,92.11,96.67,100.00,91.79,97.00,50.60,Pasti Pas Good,,"Jalur Fast Track, NFR"
2025-12-04,2025-12-04,34-14403,III,2025,Jl. Pluit Selatan Raya,Kota Jakarta Utara,DODO,SBM Jabode II Fuel,DAGE,DAGE,CERTIFIED,NOT CERTIFIED,88.78,81.67,100.00,92.26,95.00,63.30,Pasti Pas Good,,NFR
2025-12-04,2025-12-04,44-57311,IV,2025,"Jl. Boyolali Klaten, Kemiri",Kab Boyolali,DODO,SBM Yogyakarta III Fuel,DAGE,DAGE,CERTIFIED,NOT CERTIFIED,91.65,91.67,100.00,93.07,93.00,62.20,Pasti Pas Good,,NFR
2025-12-04,2025-12-04,54-64134,V,2025,Ds. Paron Kec. Gampengrejo,Kab Kediri,,SBM Kediri I Fuel,DAGE,DAGE,CERTIFIED,NOT CERTIFIED,86.08,86.67,93.29,86.20,95.50,53.03,Pasti Pas Good,,NFR
2025-12-04,2025-12-04,24-30109,II,2025,Jl. Kol. H. Burlian Km. 9,Kota Palembang,DODO,SBM Sumsel I Fuel,DAGE,DAGE,CERTIFIED,NOT CERTIFIED,88.66,88.00,100.00,90.55,92.00,49.50,Pasti Pas Good,,NFR
2025-12-04,2025-12-04,54-68402,V,2025,Jl. Raya Cluring - Banyuwangi,Kab Banyuwangi,DODO,SBM Malang III Fuel,DAGE,DAGE,CERTIFIED,NOT CERTIFIED,89.15,80.33,100.00,92.70,100.00,65.08,Pasti Pas Good,,NFR
2025-12-04,2025-12-04,54-83303,V,2025,"Jl. Raya Bengkel, Cakranegara",Kab Lombok Barat,DODO,SBM NTB I Fuel,DAGE,DAGE,CERTIFIED,NOT CERTIFIED,90.13,95.67,100.00,87.50,93.50,45.78,Pasti Pas Good,,"Jalur Fast Track, NFR"
2025-12-04,2025-12-04,74-91568,VII,2025,JL.POROS MAMUJU PALU KEC SAMPAGA DESA BUNDU,Kota Mamuju,,SBM Sulselbar V Fuel,DAG1,DAG2,CERTIFIED,NOT CERTIFIED,86.82,85.33,100.00,86.83,92.00,46.50,Pasti Pas Good,,"Jalur Fast Track, NFR"
2025-12-04,2025-12-04,44-53109,IV,2025,Jl Raya Ajibarang Purwokerto Karang lo,Kab Banyumas,DODO,SBM Tegal III Fuel,DAGE,DAGE,CERTIFIED,NOT CERTIFIED,91.71,91.67,100.00,92.25,95.00,62.60,Pasti Pas Good,,"NFR, Jalur Fast Track"
2025-12-04,2025-12-04,44-59413,IV,2025,Desa Troso Pecangaan,Kab Jepara,,SBM Semarang III Fuel,DAGE,DAGE,CERTIFIED,NOT CERTIFIED,93.35,97.67,100.00,92.14,94.00,62.10,Pasti Pas Good,,NFR
2025-12-04,2025-12-04,34-40257,III,2025,Jl. Ibrahim Adjie No.149,Kota Bandung,DODO,SBM Bandung I Fuel,DAGE,TAGE1,NOT CERTIFIED,NOT CERTIFIED,84.67,77.33,98.99,85.85,96.00,50.00,Pasti Pas Good,APAB,"APAB, NFR, Jalur Fast Track"
2025-12-04,2025-12-04,34-44123,III,2025,Jl. Raya Bayongbong-Muara Sanding Garut,Kab Garut,DODO,SBM Bandung III Fuel,DAGE,DAGE,CERTIFIED,NOT CERTIFIED,85.11,80.00,95.21,89.81,89.50,56.40,Pasti Pas Good,,"Jalur Fast Track, NFR"
2025-12-04,2025-12-04,34-40510,III,2025,Jln.HMS Mintareja Sarjana Hukum no.63 Baros Cimahi,Kota Cimahi,DODO,SBM Bandung I Fuel,DAGE,DAGE,CERTIFIED,NOT CERTIFIED,88.1,84.00,100.00,91.80,90.00,55.53,Pasti Pas Good,,"Jalur Fast Track, NFR"
2025-12-04,2025-12-04,64-74109,VI,2025,Jalan A.Yani Km.6,Kab KotawaringinBar,DODO,SBM Kalteng II Fuel,DAGE,DAGE,CERTIFIED,NOT CERTIFIED,88.38,84.67,100.00,90.15,95.00,54.60,Pasti Pas Good,,NFR
2025-12-04,2025-12-04,14-294729,I,2025,"Jl. Duyung,Batu Ampar",Kota Batam,DODO,SBM Kepulauan Riau I Fuel,DAGE,DAGE,CERTIFIED,NOT CERTIFIED,91.46,100.00,100.00,92.20,91.00,39.16,Pasti Pas Good,,"NFR, Jalur Fast Track"
2025-12-04,2025-12-04,84-99106,VIII,2025,JL. Raya Abepura  Kota Raja No. 77,Kota Jayapura,DODO,SBM Papua I,DAGE,DAGE,CERTIFIED,NOT CERTIFIED,92.77,100.00,92.33,98.35,96.00,57.96,Pasti Pas Good,,"Produk JBU, Jalur Fast Track, NFR"
2025-12-04,2025-12-04,74-94205,VII,2025,Jl Diponegoro Palu,Kota Palu,DODO,SBM Sulteng I Fuel,DAGE,DAGE,CERTIFIED,NOT CERTIFIED,90.85,89.33,99.09,94.20,97.00,57.83,Pasti Pas Good,,"Jalur Fast Track, NFR"
2025-12-04,2025-12-04,53-67147,V,2025,Rest Area 792A Ruas Tol Gempol Pasuruan,Kab Pasuruan,,SBM Malang I Fuel,DAE,DAE,CERTIFIED,CERTIFIED,91.65,88.67,100.00,92.20,97.50,68.38,Pasti Pas Excellent,,
2025-12-04,2025-12-04,34-16505,III,2025,Jl. Ry Cinere Sawangan No. 12B,Kota Depok,,SBM Jabode III Fuel,DAGE,DAGE,CERTIFIED,NOT CERTIFIED,86.88,80.00,99.04,90.70,91.00,59.38,Pasti Pas Good,,"NFR, Jalur Fast Track"
2025-12-04,2025-12-04,44-59209,IV,2025,Ds. Sumbersari Kragan,Kab Rembang,DODO,SBM Semarang IV Fuel,DAGE,DAGE,CERTIFIED,NOT CERTIFIED,89.68,92.33,99.04,91.05,90.50,50.10,Pasti Pas Good,,"NFR, Jalur Fast Track"
2025-12-04,2025-12-04,34-15311,III,2025,Jl. Raya Cisauk ds. Situgadung,Kota Tangerang Sel.,,SBM Banten I Fuel,DAGE,DAGE,CERTIFIED,NOT CERTIFIED,91.37,97.33,100.00,87.73,100.00,46.10,Pasti Pas Good,,NFR
2025-12-04,2025-12-04,34-42123,III,2025,Jl. Raya Serang KM.14 Serang,Kab Serang,,SBM Banten II Fuel,DAGE,DAGE,CERTIFIED,NOT CERTIFIED,86.78,81.00,100.00,87.65,98.00,51.66,Pasti Pas Good,,"Jalur Fast Track, NFR, Produk JBU"
2025-12-04,2025-12-04,54-80157,V,2025,Jl. Nangka Utara 260,Kota Denpasar,DODO,SBM Bali I Fuel,DAE,DAE,CERTIFIED,CERTIFIED,92.5,87.33,100.00,89.85,100.00,83.30,Pasti Pas Excellent,,
2025-12-04,2025-12-04,54-85111,V,2025,Jl. Jend Suharto no 70,Kota Kupang,DODO,SBM NTT I Fuel,DAGE,DAGE,CERTIFIED,NOT CERTIFIED,94.55,100.00,100.00,97.92,98.00,51.50,Pasti Pas Good,,"Jalur Fast Track, NFR"
2025-12-04,2025-12-04,34-15104,III,2025,Jl. Raya Serang Cibodas,Kota Tangerang,DODO,SBM Banten I Fuel,DAGE,DAGE,CERTIFIED,NOT CERTIFIED,88.95,88.33,100.00,88.59,98.00,49.13,Pasti Pas Good,,"NFR, Jalur Fast Track"
2025-12-04,2025-12-04,44-56104,IV,2025,Jl. Mayjend Bambang Sugeng,Kab Magelang,DODO,SBM Yogyakarta II Fuel,DAGE,DAGE,CERTIFIED,NOT CERTIFIED,93.09,92.67,100.00,94.30,97.50,66.80,Pasti Pas Good,,NFR
2025-12-04,2025-12-04,34-17202,III,2025,"Jl. Raya Taruma Jaya, Kec. Taruma Jaya.",Kab Bekasi,DODO,SBM Karawang I Fuel,DAGE,DAGE,CERTIFIED,NOT CERTIFIED,90.21,93.33,100.00,89.32,97.00,46.48,Pasti Pas Good,,"NFR, Jalur Fast Track"
2025-12-04,2025-12-04,54-66209,V,2025,Ds. Suwaru Kec. Bandung,Kab Tulungagung,,SBM Kediri II Fuel,DAGE,DAGE,CERTIFIED,NOT CERTIFIED,87.64,87.00,94.63,85.85,100.00,59.80,Pasti Pas Good,,NFR
2025-12-04,2025-12-04,24-37326,II,2025,Bangko Kab Merangin,Kab Merangin,DODO,SBM Jambi II Fuel,DAGE,DAGE,CERTIFIED,NOT CERTIFIED,90.92,88.33,98.17,92.60,99.00,65.60,Pasti Pas Good,,NFR
2025-12-04,2025-12-04,44-55718,IV,2025,"Jl. Tentara Pelajar, Ringroad Selatan, Gandekan, Bantul",Kab Bantul,DODO,SBM Yogyakarta I Fuel,DAGE,DAGE,CERTIFIED,NOT CERTIFIED,90.32,94.67,92.70,92.27,95.00,61.50,Pasti Pas Good,,NFR
2025-12-04,2025-12-04,34-14401,III,2025,Jl. Pluit Raya Selatan No. 20,Kota Jakarta Utara,DODO,SBM Jabode II Fuel,DAGE,DAGE,CERTIFIED,NOT CERTIFIED,87.23,80.33,96.35,91.99,95.00,63.30,Pasti Pas Good,,NFR
2025-12-04,2025-12-04,54-68106,V,2025,Jl. Desa Baratan Kec. Arjasa,Kab Jember,DODO,SBM Malang II Fuel,DAGE,DAGE,CERTIFIED,NOT CERTIFIED,88.36,81.67,100.00,92.40,93.50,60.30,Pasti Pas Good,,NFR
2025-12-04,2025-12-04,24-35461,II,2025,"Jl. Trans Sumatera, Sidomulyo",Kab Lampung Selatan,DODO,SBM Lampung I Fuel,DAGE,TAGE1,NOT CERTIFIED,NOT CERTIFIED,83.03,76.33,91.79,87.45,94.00,57.08,Pasti Pas Good,,NFR
2025-12-04,2025-12-04,54-62122,V,2025,Jl. Raya Purworejo,Kab Bojonegoro,DODO,SBM Surabaya III Fuel,DAGE,DAGE,CERTIFIED,NOT CERTIFIED,88.8,88.33,97.73,93.25,93.00,50.18,Pasti Pas Good,,NFR
2025-12-04,2025-12-04,54-66309,V,2025,DS. NGLONGSOR KEC. TUGU,Kab Trenggalek,DODO,SBM Kediri II Fuel,DAGE,DAGE,CERTIFIED,NOT CERTIFIED,86.69,82.33,99.09,86.50,96.50,52.98,Pasti Pas Good,,NFR
2025-12-04,2025-12-04,64-70804,VI,2025,"Jl. A. Yani Km. 122, Desa Asam-asam, Jorong",Kab Tanah Laut,DODO,SBM Kalsel I Fuel,DAGE,DAGE,CERTIFIED,NOT CERTIFIED,87.33,82.67,100.00,91.60,92.00,50.13,Pasti Pas Good,,"Jalur Fast Track, NFR"
2025-12-04,2025-12-04,44-55702,IV,2025,Jl. Raya Srimartani Piyungan,Kab Bantul,DODO,SBM Yogyakarta I Fuel,DAGE,DAGE,CERTIFIED,NOT CERTIFIED,93.82,91.67,100.00,94.48,98.00,76.10,Pasti Pas Good,,Jalur Fast Track
2025-12-04,2025-12-04,34-16410,III,2025,Jl. Ir. H. Juanda Cimanggis,Kota Depok,DODO,SBM Jabode III Fuel,DAGE,DAGE,CERTIFIED,NOT CERTIFIED,85.73,80.00,100.00,90.63,92.50,43.50,Pasti Pas Good,,NFR
2025-12-04,2025-12-04,24-34194,II,2025,"Jl. Lintas Timur, way Bungur, Lampung Timur",Kab Lampung Timur,DODO,SBM Lampung II Fuel,DAGE,DAGE,CERTIFIED,NOT CERTIFIED,84.85,80.00,93.90,89.52,93.50,54.30,Pasti Pas Good,,NFR
2025-12-04,2025-12-04,24-39130,II,2025,Jl. Raya Dusun Muara Aman,Kab Lebong,DODO,SBM Bengkulu I Fuel,DAGE,TAGE1,NOT CERTIFIED,NOT CERTIFIED,84.46,78.33,99.04,88.27,87.00,48.96,Pasti Pas Good,,"NFR, Jalur Fast Track"
2025-12-04,2025-12-04,64-75209,VI,2025,Jl. Poros Muara Badak - Samarinda,Kab KutaiKartanegara,DODO,SBM Kaltimut II Fuel,DAGE,DAGE,CERTIFIED,NOT CERTIFIED,88.23,84.67,100.00,92.83,92.00,50.46,Pasti Pas Good,,"Jalur Fast Track, NFR"
2025-12-04,2025-12-04,74-94202,VII,2025,Jl. Imam Bonjol No.24,Kota Palu,DODO,SBM Sulteng I Fuel,DAGE,DAGE,CERTIFIED,NOT CERTIFIED,86.62,85.33,99.04,91.75,92.00,37.56,Pasti Pas Good,,"NFR, Jalur Fast Track"
2025-12-04,2025-12-04,44-52102,IV,2025,Jl. Raya Texin Slawi,Kab Tegal,DODO,SBM Tegal I Fuel,DAE,DAE,CERTIFIED,CERTIFIED,93.09,93.33,99.04,93.92,97.50,68.20,Pasti Pas Excellent,,
2025-12-04,2025-12-04,54-68410,V,2025,Jl. Raya Rogojampi - Sukonantar,Kab Banyuwangi,DODO,SBM Malang III Fuel,DAGE,DAGE,CERTIFIED,NOT CERTIFIED,88.69,83.33,100.00,93.60,100.00,49.73,Pasti Pas Good,,NFR
2025-12-04,2025-12-04,34-17414,III,2025,Jl. Swatantra Raya Jatiasih,Kota Bekasi,DODO,SBM Karawang I Fuel,DAGE,DAGE,CERTIFIED,NOT CERTIFIED,92.49,92.00,100.00,94.20,100.00,60.50,Pasti Pas Good,,NFR
2025-12-04,2025-12-04,44-51113,IV,2025,Jl. Ki Mangun Sarkoro,Kota Pekalongan,DODO,SBM Tegal II Fuel,DAGE,DAGE,CERTIFIED,NOT CERTIFIED,85.55,80.00,98.99,85.22,95.50,52.46,Pasti Pas Good,,"NFR, Jalur Fast Track"
2025-12-04,2025-12-04,44-59516,IV,2025,"Jl. Lingkar Kudus, Semarang",Kab Demak,DODO,SBM Semarang III Fuel,DAGE,DAGE,CERTIFIED,NOT CERTIFIED,92.38,97.67,99.04,87.50,100.00,58.66,Pasti Pas Good,,"Produk JBU, NFR"
2025-12-04,2025-12-04,54-61416,V,2025,JL. MERDEKA KEC. MOJOWARNO,Kab Jombang,DODO,SBM Surabaya II Fuel,DAG2,DAG3,CERTIFIED,NOT CERTIFIED,87.99,84.67,99.09,89.47,91.00,58.61,Pasti Pas Good,,"NFR, Jalur Fast Track"
2025-12-04,2025-12-04,44-52206,IV,2025,Jl. Raya Paguyangan Bumiayu,Kab Brebes,DODO,SBM Tegal I Fuel,DAE,DAE,CERTIFIED,CERTIFIED,90.86,87.67,99.09,87.87,95.00,77.71,Pasti Pas Excellent,,
2025-12-04,2025-12-04,74-95311,VII,2025,JL.Raya Airmadidi Atas Lingkungan 5,Kab Minahasa Utara,DODO,SBM Sulutgo I Fuel,DAGE,DAGE,CERTIFIED,NOT CERTIFIED,91.47,92.67,99.04,93.19,92.00,61.23,Pasti Pas Good,,"NFR, Jalur Fast Track"
2025-12-04,2025-12-04,34-13501,III,2025,Jl. Raya Condet No. 321,Kota Jakarta Timur,DODO,SBM Jabode I Fuel,DAGE,DAGE,CERTIFIED,NOT CERTIFIED,88.58,83.67,100.00,90.38,97.00,57.13,Pasti Pas Good,,"NFR, Jalur Fast Track"
2025-12-04,2025-12-04,34-15153,III,2025,"Jl. KH. Ahmad Dahlan, Petir, Kec. Cipondoh, Kota Tangerang, Banten 15147",Kota Tangerang,DODO,SBM Banten I Fuel,DAG2,DAG3,CERTIFIED,NOT CERTIFIED,92.51,90.67,100.00,99.00,98.00,57.10,Pasti Pas Good,,"NFR, Jalur Fast Track"
2025-12-04,2025-12-04,34-45106,III,2025,Jl. Raya Ciperna,Kab Cirebon,,SBM Cirebon I Fuel,DAE,DAE,CERTIFIED,CERTIFIED,94.19,96.67,100.00,89.59,100.00,72.78,Pasti Pas Excellent,,
2025-12-04,2025-12-04,34-13810,III,2025,"Jl Raya Hankam, Kec. Cipayung",Kota Jakarta Timur,DODO,SBM Jabode I Fuel,DAE,DAE,CERTIFIED,CERTIFIED,91.63,85.00,100.00,94.48,99.00,73.30,Pasti Pas Excellent,,
2025-12-04,2025-12-04,13-284607,I,2025,Jl. Garuda Sakti Km. 8 Kel. Karya Indah Kec. Tapung,Kab.Kampar,CODO I,SBM Riau I Fuel,DAGE,DAGE,CERTIFIED,NOT CERTIFIED,88.95,88.33,96.97,91.34,92.50,58.50,Pasti Pas Good,,"Jalur Fast Track, NFR"
2025-12-04,2025-12-04,64-795003,VI,2025,JL. MERDEKA BARAT DESA SUNGAI RINGI,Kab Sekadau,,SBM Kalbar II Fuel,DAGE,DAGE,CERTIFIED,NOT CERTIFIED,88.74,81.67,100.00,94.08,93.00,61.23,Pasti Pas Good,,"NFR, Jalur Fast Track"
2025-12-04,2025-12-04,44-55709,IV,2025,"Jl. Parangtritis Km. 15,2, Patalan",Kab Bantul,DODO,SBM Yogyakarta I Fuel,DAGE,DAGE,CERTIFIED,NOT CERTIFIED,93.12,96.67,100.00,91.44,97.00,61.23,Pasti Pas Good,,"Jalur Fast Track, NFR"
2025-12-04,2025-12-04,44-50213,IV,2025,Jl. Sumurboto Gunungpati,Kota Semarang,DODO,SBM Semarang I Fuel,DAGE,TAGE1,NOT CERTIFIED,NOT CERTIFIED,73.56,68.00,84.48,78.40,76.00,45.40,Pasti Pas Good,PELUMAS,"NFR, Jalur Fast Track, PELUMAS"
2025-12-04,2025-12-04,54-64126,V,2025,"Jl. Sukarno Hatta, Sukorejo",Kab Kediri,,SBM Kediri I Fuel,DAGE,DAGE,CERTIFIED,NOT CERTIFIED,82.69,80.33,96.97,85.92,83.00,39.93,Pasti Pas Good,,NFR
2025-12-04,2025-12-04,14-293656,I,2025,Jl. Lintas Timur Pematang Reba Kec. Rengat Barat,Kab Indragiri Hulu,DODO,SBM Riau III Fuel,DAGE,DAGE,CERTIFIED,NOT CERTIFIED,91.36,92.33,97.26,92.84,99.00,60.21,Pasti Pas Good,,NFR
2025-12-04,2025-12-04,44-57319,IV,2025,"JL. TULUNG-MUSUK DS.TAMBAK, KEC.MOJOSONGO",Kab Boyolali,DODO,SBM Yogyakarta III Fuel,DAGE,DAGE,CERTIFIED,NOT CERTIFIED,91.77,96.67,100.00,91.44,96.00,48.80,Pasti Pas Good,,"NFR, Jalur Fast Track"
2025-12-04,2025-12-04,44-59213,IV,2025,Ds. Tanjungan Kec. Kragan,Kab Rembang,DODO,SBM Semarang IV Fuel,DAGE,DAGE,CERTIFIED,NOT CERTIFIED,90.2,92.33,100.00,90.42,94.00,49.90,Pasti Pas Good,,NFR
2025-12-04,2025-12-04,34-43224,III,2025,"Jl. Raya Cibeber, Cianjur",Kab Cianjur,DODO,SBM Sukabumi I Fuel,DAGE,DAGE,CERTIFIED,NOT CERTIFIED,89,82.67,100.00,92.69,98.00,58.70,Pasti Pas Good,,"Jalur Fast Track, NFR"
2025-12-04,2025-12-04,54-64146,V,2025,Jl. Raya Papar-Pare Tegowangi Plemahan,Kab Kediri,,SBM Kediri I Fuel,DAGE,DAGE,CERTIFIED,NOT CERTIFIED,87.42,84.33,100.00,87.53,87.00,59.10,Pasti Pas Good,,"NFR, Jalur Fast Track"
2025-12-04,2025-12-04,34-15805,III,2025,Jl. Rorojongrang Karawaci,Kab Tangerang,DODO,SBM Banten I Fuel,DAGE,DAGE,CERTIFIED,NOT CERTIFIED,89.32,89.00,100.00,89.55,98.00,49.13,Pasti Pas Good,,"NFR, Jalur Fast Track"
2025-12-04,2025-12-04,54-83311,V,2025,"JL. IMAM BONJOL, GERUNG UTARA, LOMBOK BARAT-NTB",Kab Lombok Barat,DODO,SBM NTB I Fuel,DAG1,DAG2,CERTIFIED,NOT CERTIFIED,90.36,87.33,99.09,92.55,94.00,65.08,Pasti Pas Good,,NFR
2025-12-04,2025-12-04,24-30115,II,2025,Jl.Kolonel H Burlian Km.10,Kota Palembang,DODO,SBM Sumsel I Fuel,DAGE,DAGE,CERTIFIED,NOT CERTIFIED,87.4,83.33,100.00,91.24,95.00,46.50,Pasti Pas Good,,NFR
2025-12-04,2025-12-04,24-351125,II,2025,"Jl. Sultan Agung, Kedaton",Kota Bandar Lampung,DODO,SBM Lampung I Fuel,DAE,DAE,CERTIFIED,CERTIFIED,88.62,87.33,96.17,90.15,99.00,56.33,Pasti Pas Excellent,,
2025-12-04,2025-12-04,74-96212,VII,2025,"Jl. Trans Sulawesi, Pontolo, Kwandang",Kab Gorontalo Utara,DODO,SBM Sulutgo III Fuel,DAGE,DAGE,CERTIFIED,NOT CERTIFIED,90.58,93.33,100.00,93.67,92.00,46.50,Pasti Pas Good,,"Jalur Fast Track, NFR"
2025-12-04,2025-12-04,54-67115,V,2025,"Desa Beji, Pasuruan",Kab Pasuruan,,SBM Malang I Fuel,DAGE,DAGE,CERTIFIED,NOT CERTIFIED,86.05,84.33,100.00,88.05,79.50,51.78,Pasti Pas Good,,"NFR, Jalur Fast Track"
2025-12-04,2025-12-04,44-55703,IV,2025,Jl. Raya Pandak,Kab Bantul,DODO,SBM Yogyakarta I Fuel,DAGE,DAGE,CERTIFIED,NOT CERTIFIED,90.05,91.67,100.00,91.79,86.00,55.96,Pasti Pas Good,,"NFR, Produk JBU"
2025-12-04,2025-12-04,34-40522,III,2025,Jl. Raya Baros No. E 47,Kota Cimahi,DODO,SBM Bandung I Fuel,DAE,DAE,CERTIFIED,CERTIFIED,90.67,86.33,100.00,89.38,99.00,69.98,Pasti Pas Excellent,,
2025-12-04,2025-12-04,44-57308,IV,2025,"Jl. Alt. Boyolali - Klaten, Miliran, Mojosongo",Kab Boyolali,DODO,SBM Yogyakarta III Fuel,DAE,DAE,CERTIFIED,CERTIFIED,92.47,92.67,100.00,89.60,100.00,67.50,Pasti Pas Excellent,,
2025-12-04,2025-12-04,34-44125,III,2025,Jl. Raya Samarang,Kab Garut,DODO,SBM Bandung III Fuel,DAGE,TAGE1,NOT CERTIFIED,NOT CERTIFIED,78.03,66.00,81.84,89.99,100.00,56.90,Pasti Pas Good,,NFR
2025-12-04,2025-12-04,34-42120,III,2025,Jl. Raya Serang Km.11 Ds Ciagel Kibin,Kab Serang,,SBM Banten II Fuel,DAE,DAE,CERTIFIED,CERTIFIED,91.67,85.67,100.00,93.19,100.00,73.20,Pasti Pas Excellent,,
2025-12-04,2025-12-04,34-15802,III,2025,Jl. raya curug,Kab Tangerang,,SBM Banten I Fuel,DAGE,DAE,CERTIFIED,CERTIFIED,91.32,87.33,100.00,91.30,100.00,68.70,Pasti Pas Excellent,,
2025-12-04,2025-12-04,44-50716,IV,2025,Jl. Raya Ambarawa Kel. Ngampin Kec Ambarawa,Kab Semarang,DODO,SBM Semarang I Fuel,DAE,DAE,CERTIFIED,CERTIFIED,97.33,100.00,100.00,98.30,100.00,76.70,Pasti Pas Excellent,,
2025-12-04,2025-12-04,44-56114,IV,2025,Jl. Magelang Yogja Ds. Blabak,Kab Magelang,DODO,SBM Yogyakarta II Fuel,DAGE,TAGE1,NOT CERTIFIED,NOT CERTIFIED,84.27,78.33,91.67,90.95,98.00,52.66,Pasti Pas Good,,"Produk JBU, Jalur Fast Track, NFR"
2025-12-04,2025-12-04,54-66111,V,2025,Ds. Tangkil Kec. Wlingi,Kab Blitar,,SBM Kediri II Fuel,DAGE,DAGE,CERTIFIED,NOT CERTIFIED,87.67,83.67,100.00,85.70,94.00,60.30,Pasti Pas Good,,"NFR, Jalur Fast Track"
2025-12-04,2025-12-04,54-80511,V,2025,Jl. By Pass Desa Ketewel,Kab Gianyar,,SBM Bali I Fuel,DAE,DAE,CERTIFIED,CERTIFIED,89.35,91.67,99.09,90.60,62.00,77.71,Pasti Pas Excellent,,
2025-12-04,2025-12-04,54-85104,V,2025,Jl. Hr. Koroh 25 Oepura,Kota Kupang,DODO,SBM NTT I Fuel,DAGE,DAGE,CERTIFIED,NOT CERTIFIED,91.68,92.67,100.00,95.00,98.00,50.80,Pasti Pas Good,,"NFR, Jalur Fast Track"
2025-12-04,2025-12-04,54-66233,V,2025,Jl.Raya Niyama Ds.Tanggulkundung  Besuki Tulungagung,Kab Tulungagung,DODO,SBM Kediri II Fuel,DAGE,DAGE,CERTIFIED,NOT CERTIFIED,87.55,82.67,98.61,85.21,97.50,63.80,Pasti Pas Good,,NFR
2025-12-04,2025-12-04,74-94209,VII,2025,Jl I Gusti Ngurarai,Kota Palu,DODO,SBM Sulteng I Fuel,DAGE,DAGE,CERTIFIED,NOT CERTIFIED,88.44,85.33,100.00,91.15,97.00,49.06,Pasti Pas Good,,"NFR, Jalur Fast Track"
2025-12-04,2025-12-03,24-36104,II,2025,Jl. Pangeran Hidayat Paal V Kota Baru Kambi,Kota Jambi,DODO,SBM Jambi I Fuel,DAGE,DAGE,CERTIFIED,NOT CERTIFIED,86.28,83.33,98.08,92.04,97.00,37.56,Pasti Pas Good,,NFR
2025-12-03,2025-12-03,31-15303,III,2025,"Jl raya serpong KM 7,pakulonan serpong utara kota tangerang selatan",Kota Tangerang Sel.,COCO,SBM Banten I Fuel,DAE,DAE,CERTIFIED,CERTIFIED,98.84,99.00,100.00,98.35,100.00,94.70,Pasti Pas Excellent,,
2025-12-04,2025-12-03,23-33111,II,2025,"Jl. Yos Sudarso, Pangkalbalam",Kota Pangkal Pinang,CODO I,SBM Babel I,DAGE,DAGE,CERTIFIED,NOT CERTIFIED,89.72,87.33,100.00,93.49,82.00,66.10,Pasti Pas Good,,"Jalur Fast Track, NFR"
2025-12-04,2025-12-03,13-293622,I,2025,"Jl. Lintas Timur, Siberida",Kab Indragiri Hulu,CODO I,SBM Riau III Fuel,DAE,DAE,CERTIFIED,CERTIFIED,91.07,87.33,98.17,91.14,99.00,72.98,Pasti Pas Excellent,,
2025-12-04,2025-12-03,44-57502,IV,2025,Jl. Raya Palur Mojolaban,Kab Sukoharjo,DODO,SBM Yogyakarta III Fuel,DAGE,DAGE,CERTIFIED,NOT CERTIFIED,89.49,91.67,99.04,92.20,90.00,48.33,Pasti Pas Good,,"NFR, Jalur Fast Track"
2025-12-04,2025-12-03,54-68122,V,2025,"Jl. Brigjen Katamso No. 64, Ds. Kertosari",Kab Jember,DODO,SBM Malang II Fuel,DAGE,DAGE,CERTIFIED,NOT CERTIFIED,89.6,85.00,100.00,93.36,97.00,57.08,Pasti Pas Good,,"Jalur Fast Track, NFR"
2025-12-04,2025-12-03,31-10702,III,2025,Jl. Samanhudi No.20,Kota Jakarta Pusat,COCO,SBM Jabode I Fuel,DAE,DAE,CERTIFIED,CERTIFIED,95.25,92.00,100.00,94.48,99.00,88.50,Pasti Pas Excellent,,
2025-12-04,2025-12-03,44-53303,IV,2025,"Jl. Raya Bukateja-Purbalingga, Km. 8, Bajong, Purbalingga",Kab Purbalingga,,SBM Tegal III Fuel,DAGE,DAGE,CERTIFIED,NOT CERTIFIED,90.59,91.67,100.00,91.30,91.00,57.30,Pasti Pas Good,,"Jalur Fast Track, NFR"
2025-12-04,2025-12-03,44-52409,IV,2025,"Jl. Raya Singkil, Adiwerna",Kab Tegal,DODO,SBM Tegal I Fuel,DAGE,DAGE,CERTIFIED,NOT CERTIFIED,89.11,88.67,100.00,89.85,92.00,53.40,Pasti Pas Good,,"Jalur Fast Track, NFR"
2025-12-03,2025-12-03,54-62113,V,2025,"Jl. Veteran, Bojonegoro",Kab Bojonegoro,DODO,SBM Surabaya III Fuel,DAGE,DAGE,CERTIFIED,NOT CERTIFIED,86.9,80.00,99.09,89.66,93.00,59.38,Pasti Pas Good,,NFR
2025-12-04,2025-12-03,54-64131,V,2025,"Jl. Raya Adan-Adan Gurah Pare, Kediri",Kab Kediri,,SBM Kediri I Fuel,DAGE,DAGE,CERTIFIED,NOT CERTIFIED,85.57,82.00,99.04,85.15,82.50,59.80,Pasti Pas Good,,NFR
2025-12-04,2025-12-03,64-78601,VI,2025,Jl. MT Haryono Km.4 Sintang,Kab Sintang,,SBM Kalbar II Fuel,DAGE,DAGE,CERTIFIED,NOT CERTIFIED,90.05,81.67,100.00,96.95,98.00,63.56,Pasti Pas Good,,Jalur Fast Track
2025-12-03,2025-12-03,73-95106,VII,2025,Ringroad Paal 4,Kota Manado,,SBM Sulutgo I Fuel,DAGE,DAGE,CERTIFIED,NOT CERTIFIED,88.12,89.33,99.04,90.49,88.00,47.20,Pasti Pas Good,,"NFR, Jalur Fast Track"
2025-12-04,2025-12-03,54-66218,V,2025,Desa Sambidoplang Kec. Sumbergempol,Kab Tulungagung,,SBM Kediri II Fuel,DAGE,DAGE,CERTIFIED,NOT CERTIFIED,85.2,82.00,100.00,88.52,87.00,41.73,Pasti Pas Good,,"Jalur Fast Track, NFR"
2025-12-04,2025-12-03,54-67122,V,2025,Ds. Ngerong Kec.Gempol Pasuruan,Kab Pasuruan,DODO,SBM Malang I Fuel,DAGE,DAGE,CERTIFIED,NOT CERTIFIED,86.05,82.00,98.17,90.45,74.00,65.08,Pasti Pas Good,,"Jalur Fast Track, NFR"
2025-12-04,2025-12-03,74-92104,VII,2025,Abd Kadir Dg Sirua kec Soomba Opu Samata,Kab Gowa,,SBM Sulselbar I Fuel,DAG3,TAG1,NOT CERTIFIED,NOT CERTIFIED,77.12,75.00,81.56,75.40,97.00,53.90,Pasti Pas Good,,"Jalur Fast Track, NFR"
2025-12-03,2025-12-03,44-50124,IV,2025,Jl. Indraprasta No. 20-22,Kota Semarang,DODO,SBM Semarang I Fuel,DAGE,TAGE1,NOT CERTIFIED,NOT CERTIFIED,83.03,76.33,100.00,90.70,63.00,56.90,Pasti Pas Good,,"Jalur Fast Track, NFR"
2025-12-04,2025-12-03,24-306100,II,2025,Jl. Palembang-Indralaya No.28,Kab Ogan Ilir,DODO,SBM Sumsel III Fuel,DAG1,DAG2,CERTIFIED,NOT CERTIFIED,88.65,87.33,100.00,91.15,95.00,47.16,Pasti Pas Good,,NFR
2025-12-03,2025-12-03,44-59136,IV,2025,"Jl. Raya Kayen - Pati, Ds. Kayen, Kec. Kayen",Kab Pati,DODO,SBM Semarang IV Fuel,DAGE,DAGE,CERTIFIED,NOT CERTIFIED,94.29,100.00,99.04,97.35,100.00,51.00,Pasti Pas Good,,"Produk JBU, NFR"
2025-12-04,2025-12-03,54-68423,V,2025,"Jl. Gatot Subroto Ds. Bulusan, Kec Kalipuro",Kab Banyuwangi,DODO,SBM Malang III Fuel,DAE,DAE,CERTIFIED,CERTIFIED,90.26,88.33,96.35,94.20,100.00,60.18,Pasti Pas Excellent,,
2025-12-04,2025-12-03,44-59116,IV,2025,Jl. Kyai Pupus Ds. Semampir Pati,Kab Pati,DODO,SBM Semarang IV Fuel,DAGE,DAGE,CERTIFIED,NOT CERTIFIED,87.71,82.33,99.09,89.19,91.00,63.30,Pasti Pas Good,,NFR
2025-12-03,2025-12-03,21-35310,II,2025,Natar,Kab Lampung Selatan,,SBM Lampung I Fuel,DAGE,DAGE,CERTIFIED,NOT CERTIFIED,87.33,88.33,92.70,90.22,88.00,61.50,Pasti Pas Good,,NFR
2025-12-03,2025-12-03,54-61203,V,2025,Jl. Raya Bungurasih Taman Sidoarjo,Kab Sidoarjo,DODO,SBM Surabaya II Fuel,DAGE,DAGE,CERTIFIED,NOT CERTIFIED,89.23,85.33,96.52,90.45,92.00,73.70,Pasti Pas Good,,Jalur Fast Track
2025-12-04,2025-12-03,54-60121,V,2025,Jl. Margomulyo No.2 Surabaya,Kota Surabaya,DODO,SBM Surabaya I Fuel,DAGE,DAGE,CERTIFIED,NOT CERTIFIED,88.27,88.00,100.00,89.54,84.00,55.48,Pasti Pas Good,,NFR
2025-12-03,2025-12-03,74-93211,VII,2025,Jl. Martandu,Kota Kendari,DODO,SBM Sultra II Fuel,DAG1,DAG2,CERTIFIED,NOT CERTIFIED,87.64,89.00,96.35,92.79,94.00,40.86,Pasti Pas Good,,NFR
2025-12-04,2025-12-03,34-43217,III,2025,Jl. Raya Cipeuyeum-Ciranjang,Kab Cianjur,DODO,SBM Sukabumi I Fuel,DAGE,DAGE,CERTIFIED,NOT CERTIFIED,85.11,82.00,86.13,93.40,98.00,62.00,Pasti Pas Good,,"NFR, Jalur Fast Track"
2025-12-04,2025-12-03,64-70109,VI,2025,Jl. KH. Hasan Basri kav. 73-74,Kota Banjarmasin,DODO,SBM Kalsel I Fuel,DAGE,DAGE,CERTIFIED,NOT CERTIFIED,88.55,83.33,100.00,91.60,95.00,57.28,Pasti Pas Good,,"Jalur Fast Track, NFR"
2025-12-03,2025-12-03,34-17406,III,2025,Jl. Alternatif Cibubur Cileungsi,Kota Bekasi,DODO,SBM Karawang I Fuel,DAE,DAE,CERTIFIED,CERTIFIED,95.12,96.67,98.47,96.00,99.00,74.70,Pasti Pas Excellent,,
2025-12-03,2025-12-03,44-55116,IV,2025,Jl. Pleret Ds. Balong Potorono,Kab Bantul,DODO,SBM Yogyakarta I Fuel,DAGE,DAGE,CERTIFIED,NOT CERTIFIED,91.6,96.67,100.00,91.23,98.00,45.51,Pasti Pas Good,,"NFR, Produk JBU, Jalur Fast Track"
2025-12-04,2025-12-03,44-51110,IV,2025,Jl. Raya Wonopringgo,Kab Pekalongan,DODO,SBM Tegal II Fuel,DAE,DAE,CERTIFIED,CERTIFIED,94.73,96.67,100.00,91.70,99.00,74.90,Pasti Pas Excellent,,
2025-12-03,2025-12-03,34-17131,III,2025,Jl. Pramuka Rawa Lumbu,Kota Bekasi,DODO,SBM Karawang I Fuel,DAGE,DAGE,CERTIFIED,NOT CERTIFIED,93.23,96.67,100.00,92.34,99.00,58.70,Pasti Pas Good,,NFR
2025-12-03,2025-12-03,34-40247,III,2025,Jl. Jend. Ibrahim Adjie No. 135,Kota Bandung,DODO,SBM Bandung I Fuel,DAGE,TAGE1,NOT CERTIFIED,NOT CERTIFIED,84.67,73.33,94.96,90.76,97.00,63.30,Pasti Pas Good,,"NFR, Jalur Fast Track"
2025-12-04,2025-12-03,14-2846124,I,2025,Jl. Lintas Timur Pasir Putih,Kab Kampar,,SBM Riau I Fuel,DAG2,TAG1,NOT CERTIFIED,NOT CERTIFIED,86.64,87.33,94.25,86.80,97.00,51.10,Pasti Pas Good,DU Dispenser,"NFR, DU Dispenser, Jalur Fast Track"
2025-12-04,2025-12-03,34-45210,III,2025,Jl. Raya Lohbener,Kab Indramayu,DODO,SBM Cirebon II Fuel,DAGE,DAGE,CERTIFIED,NOT CERTIFIED,85.97,83.00,99.04,91.80,82.00,47.93,Pasti Pas Good,,"Jalur Fast Track, NFR"
2025-12-04,2025-12-03,24-30111,II,2025,Jl. Yos Sudarso-Lemahabang,Kota Palembang,DODO,SBM Sumsel I Fuel,DAGE,DAGE,CERTIFIED,NOT CERTIFIED,84.19,83.33,96.81,85.15,87.00,44.20,Pasti Pas Good,,"NFR, Jalur Fast Track"
2025-12-04,2025-12-03,34-45140,III,2025,Jl. Ir. H Juanda Tenggah Tani,Kab Cirebon,,SBM Cirebon I Fuel,DAE,DAE,CERTIFIED,CERTIFIED,92.51,90.67,100.00,90.90,98.00,73.30,Pasti Pas Excellent,,
2025-12-03,2025-12-03,44-55109,IV,2025,Jl. Kusuma Negara No. 45 - 51,Kota Yogyakarta,85327386909,SBM Yogyakarta I Fuel,DAGE,DAGE,CERTIFIED,NOT CERTIFIED,90.68,90.00,100.00,94.89,93.00,54.10,Pasti Pas Good,,"NFR, Jalur Fast Track"
2025-12-04,2025-12-03,84-97702,VIII,2025,Jl. Yos Sudarso,Kota Ternate,DODO,SBM Maluku Utara I,TAGE1,TAGE2,CERTIFIED,NOT CERTIFIED,85.16,82.89,100.00,87.64,89.00,40.96,Pasti Pas Good,,NFR
2025-12-03,2025-12-03,34-46211,III,2025,Jl Jend Sudirman Imbanagara Kab. Ciamis,Kab Ciamis,DODO,SBM Bandung IV Fuel,DAGE,TAGE1,NOT CERTIFIED,NOT CERTIFIED,84.16,76.00,99.04,90.75,94.00,41.00,Pasti Pas Good,,NFR
2025-12-03,2025-12-03,53-601125,V,2025,Jl. Bubutan Surabaya,Kota Surabaya,CODO I,SBM Surabaya I Fuel,DAE,DAE,CERTIFIED,CERTIFIED,91.25,91.67,100.00,91.35,83.00,71.78,Pasti Pas Excellent,,
2025-12-04,2025-12-03,44-52218,IV,2025,Jl. Desa Losari Kidul,Kab Brebes,,SBM Tegal I Fuel,DAGE,TAGE1,NOT CERTIFIED,NOT CERTIFIED,88.53,93.33,98.39,82.83,86.50,58.00,Pasti Pas Good,,"NFR, Jalur Fast Track"
2025-12-03,2025-12-03,44-58303,IV,2025,Jl.Raya Cepu-Randublatung km.10 Ds.Ngeraho,Kab Blora,DODO,SBM Semarang IV Fuel,DAGE,DAGE,CERTIFIED,NOT CERTIFIED,89.76,84.67,100.00,94.00,96.00,59.60,Pasti Pas Good,,"NFR, Jalur Fast Track"
2025-12-03,2025-12-03,64-74311,VI,2025,Jl. Jend Sudirman Kab. Kotawaringin Timur,Kab KotawaringinTim,DODO,SBM Kalteng II Fuel,DAGE,DAGE,CERTIFIED,NOT CERTIFIED,87.29,83.67,100.00,90.89,93.00,47.16,Pasti Pas Good,,"NFR, Jalur Fast Track"
2025-12-04,2025-12-03,54-66108,V,2025,Jl. Kenari,Kota Blitar,,SBM Kediri II Fuel,DAGE,DAGE,CERTIFIED,NOT CERTIFIED,85.6,83.67,94.25,88.80,94.00,50.60,Pasti Pas Good,,"NFR, Jalur Fast Track"
2025-12-03,2025-12-03,54-61422,V,2025,Jl. Gatot Subroto No. 48,Kab Jombang,DODO,SBM Surabaya II Fuel,DAG3,DAGE,CERTIFIED,NOT CERTIFIED,86.41,84.00,99.04,89.39,87.00,49.33,Pasti Pas Good,,NFR
2025-12-03,2025-12-03,44-55221,IV,2025,"Jl. Godean km. 9, Ngabangan, Sidoluhur, Godean",Kab Sleman,DODO,SBM Yogyakarta I Fuel,DAGE,DAGE,CERTIFIED,NOT CERTIFIED,85.79,80.33,98.99,86.61,97.00,49.73,Pasti Pas Good,,"NFR, Jalur Fast Track"
2025-12-03,2025-12-03,34-11802,III,2025,Jl. Kamal Raya No.20,Kota Jakarta Barat,DODO,SBM Jabode II Fuel,DAGE,DAGE,CERTIFIED,NOT CERTIFIED,86.55,80.33,96.17,89.26,97.00,60.50,Pasti Pas Good,,"Jalur Fast Track, NFR"
2025-12-03,2025-12-03,24-35358,II,2025,"Jl. Terusan Imam Bonjol, Negeri Sakti",Kab Pesawaran,DODO,SBM Lampung I Fuel,DAGE,DAGE,CERTIFIED,NOT CERTIFIED,88.26,84.33,96.35,92.99,97.50,57.08,Pasti Pas Good,,NFR
2025-12-04,2025-12-03,44-59210,IV,2025,Jl. Rembang Lasem Pasar Baggi,Kab Rembang,DODO,SBM Semarang IV Fuel,DAGE,DAGE,CERTIFIED,NOT CERTIFIED,86.14,82.33,99.04,92.10,93.00,40.10,Pasti Pas Good,,"NFR, Jalur Fast Track"
2025-12-03,2025-12-03,44-57321,IV,2025,dukuh Sabran RT 07/RW 03 Salakan Teras Boyolali ,Kab Boyolali,DODO,SBM Yogyakarta III Fuel,DAGE,DAGE,CERTIFIED,NOT CERTIFIED,93.7,96.67,100.00,92.48,98.00,64.00,Pasti Pas Good,,NFR
2025-12-03,2025-12-03,44-57518,IV,2025,"Jl. Kapten Abdul Latif, Kel. Gayam",Kab Sukoharjo,DODO,SBM Yogyakarta III Fuel,DAGE,DAGE,CERTIFIED,NOT CERTIFIED,90.16,92.67,100.00,89.30,93.50,51.50,Pasti Pas Good,,"NFR, Jalur Fast Track"
2025-12-04,2025-12-03,34-15319,III,2025,"Jl. Alam Sutra Boulevard, Serpong",Kota Tangerang Sel.,,SBM Banten I Fuel,DAE,DAE,CERTIFIED,CERTIFIED,91.18,90.59,100.00,93.44,86.00,65.58,Pasti Pas Excellent,,
2025-12-04,2025-12-03,34-42115,III,2025,Jl. Raya Cilegon Kp. Lontar Keagungan,Kota Serang,DODO,SBM Banten II Fuel,DAGE,DAGE,CERTIFIED,NOT CERTIFIED,83.13,85.33,85.43,93.06,78.00,54.86,Pasti Pas Good,,"Jalur Fast Track, NFR, Produk JBU"
2025-12-03,2025-12-03,24-36135,II,2025,Jl.Sumantri Brojonegoro Kebun Jeruk,Kota Jambi,DODO,SBM Jambi I Fuel,DAGE,DAGE,CERTIFIED,NOT CERTIFIED,91.42,92.33,100.00,92.24,89.00,63.80,Pasti Pas Good,,NFR
2025-12-03,2025-12-03,34-16512,III,2025,Jl. Limo Raya Meruyung,Kota Depok,,SBM Jabode III Fuel,DAGE,DAGE,CERTIFIED,NOT CERTIFIED,88.18,81.00,100.00,94.20,99.00,51.50,Pasti Pas Good,,NFR
2025-12-03,2025-12-03,74-94127,VII,2025,Kihajar Dewantoro,Kota Palu,DODO,SBM Sulteng I Fuel,DAGE,DAGE,CERTIFIED,NOT CERTIFIED,87.5,83.67,100.00,92.57,97.00,41.86,Pasti Pas Good,,"Jalur Fast Track, NFR"
2025-12-03,2025-12-03,34-40524,III,2025,Jl.Raya Sangkuriang kec.cimahi utara,Kota Cimahi,DODO,SBM Bandung I Fuel,DAE,TAGE1,NOT CERTIFIED,NOT CERTIFIED,88.27,85.00,100.00,86.64,93.00,61.40,Pasti Pas Good,APAB,APAB
2025-12-03,2025-12-03,54-67146,V,2025,Jl. Raya Randupitu Kecamatan Gempol Kab. Pasuruan    ,Kab Pasuruan,,SBM Malang I Fuel,DAGE,DAGE,CERTIFIED,NOT CERTIFIED,88.76,89.33,100.00,87.80,90.00,53.78,Pasti Pas Good,,NFR
2025-12-04,2025-12-03,54-85110,V,2025,"Jl. Eltari, Liliba Kec. Oesapa",Kota Kupang,DODO,SBM NTT I Fuel,DAGE,DAGE,CERTIFIED,NOT CERTIFIED,87.65,87.33,98.99,89.78,93.00,44.96,Pasti Pas Good,,"Produk JBU, NFR, Jalur Fast Track"
2025-12-03,2025-12-03,54-68121,V,2025,Jl. PB. Sudirman Ds. Sempolan Kec. Silo,Kab Jember,DODO,SBM Malang II Fuel,DAGE,DAGE,CERTIFIED,NOT CERTIFIED,91.1,86.67,100.00,94.20,97.50,65.08,Pasti Pas Good,,NFR
2025-12-03,2025-12-03,54-66229,V,2025,Jl. Raya Selorejo Ds.Selorejo Ngunut Tulungagung,Kab Tulungagung,DODO,SBM Kediri II Fuel,DAGE,DAGE,CERTIFIED,NOT CERTIFIED,88.19,87.00,96.35,88.30,92.00,63.30,Pasti Pas Good,,"Jalur Fast Track, NFR"
2025-12-03,2025-12-03,51-63126,V,2025,Ruas Tol Trans Jawa Km 626 B Ds. Sugihwaras Kec Saradan,Kab Madiun,COCO,SBM Kediri III Fuel,DAGE,DAGE,CERTIFIED,NOT CERTIFIED,89.35,84.33,100.00,88.76,100.00,62.78,Pasti Pas Good,,NFR
2025-12-03,2025-12-03,44-50135,IV,2025,Jl. Raya Kaligawe No.25,Kota Semarang,DODO,SBM Semarang I Fuel,DAE,DAE,CERTIFIED,CERTIFIED,96.42,100.00,100.00,98.25,100.00,67.70,Pasti Pas Excellent,,
2025-12-03,2025-12-03,74-91674,VII,2025,Jl. Poros Sidrap Soppeng (Tanete),Kab Sidrap,,SBM Sulselbar III Fuel,DAGE,DAGE,CERTIFIED,NOT CERTIFIED,89.3,88.67,99.09,92.60,97.00,47.56,Pasti Pas Good,,"Jalur Fast Track, NFR"
2025-12-03,2025-12-03,64-78203,VI,2025,Jl Khatulistiwa,Kota Pontianak,,SBM Kalbar I Fuel,DAE,DAE,CERTIFIED,CERTIFIED,93.54,87.67,100.00,93.79,100.00,84.88,Pasti Pas Excellent,,
2025-12-04,2025-12-03,44-50103,IV,2025,Jl. Raya Kaligawe KM 7 Genuk,Kota Semarang,DODO,SBM Semarang I Fuel,DAE,DAE,CERTIFIED,CERTIFIED,87.69,91.67,85.43,91.59,93.00,69.30,Pasti Pas Excellent,,
2025-12-03,2025-12-03,14-294744,I,2025,"Komp.Bumi Indah, Kel.Batu Selicin , Lubuk Baja, Kota Batam",Kota Batam,DODO,SBM Kepulauan Riau I Fuel,DAGE,DAGE,CERTIFIED,NOT CERTIFIED,87.96,84.33,98.08,91.33,93.00,56.31,Pasti Pas Good,,"NFR, Jalur Fast Track"
2025-12-04,2025-12-03,44-59105,IV,2025,Jl. Raya Pati Juwana Km.2,Kab Pati,DODO,SBM Semarang IV Fuel,DAGE,DAGE,CERTIFIED,NOT CERTIFIED,83.62,81.00,99.04,91.10,72.00,41.90,Pasti Pas Good,,"NFR, Jalur Fast Track"
2025-12-03,2025-12-03,24-30633,II,2025,Jl. Inderalaya Palembang,Kab Ogan Ilir,DODO,SBM Sumsel III Fuel,DAGE,DAGE,CERTIFIED,NOT CERTIFIED,88.73,92.33,100.00,92.61,77.00,47.93,Pasti Pas Good,,NFR
2025-12-04,2025-12-03,44-50602,IV,2025,"Jl. Ambarawa - Magelang, Jambu",Kab Semarang,DODO,SBM Semarang I Fuel,DAGE,DAGE,CERTIFIED,NOT CERTIFIED,86.89,80.33,99.04,89.94,97.50,53.40,Pasti Pas Good,,NFR
2025-12-04,2025-12-03,44-59124,IV,2025,"Ds. Sukolilo, Kec. Sukolilo",Kab Pati,DODO,SBM Semarang IV Fuel,DAGE,DAGE,CERTIFIED,NOT CERTIFIED,84.38,82.33,100.00,91.34,71.50,42.60,Pasti Pas Good,,"NFR, Jalur Fast Track"
2025-12-03,2025-12-03,44-53309,IV,2025,"Jl. Wali Prakosa, Ds. Pekiringan, Karangmoncol, Purbalingga",Kab Purbalingga,,SBM Tegal III Fuel,DAGE,DAGE,CERTIFIED,NOT CERTIFIED,92.76,96.67,100.00,93.34,90.00,60.80,Pasti Pas Good,,"NFR, Jalur Fast Track"
2025-12-03,2025-12-03,34-12508,III,2025,Jl. Jagakarsa  No.4 Pasar Minggu,Kota Jakarta Selatan,DODO,SBM Jabode III Fuel,DAGE,DAGE,CERTIFIED,NOT CERTIFIED,89.05,83.67,100.00,94.40,89.00,61.76,Pasti Pas Good,,"NFR, Produk JBU"
2025-12-03,2025-12-03,54-68416,V,2025,Ds. Bansering Kec. Wongsorejo,Kab Banyuwangi,DODO,SBM Malang III Fuel,DAGE,DAGE,CERTIFIED,NOT CERTIFIED,89.1,84.33,100.00,88.40,100.00,61.23,Pasti Pas Good,,NFR
2025-12-03,2025-12-03,34-17138,III,2025,JL.Terusan I Gusti Ngurah Rai Bintara,Kota Bekasi,DODO,SBM Karawang I Fuel,DAE,DAE,CERTIFIED,CERTIFIED,94.96,96.67,100.00,93.99,98.00,73.70,Pasti Pas Excellent,,
2025-12-03,2025-12-03,24-34116,II,2025,Jl. Raya Kalirejo,Kab Lampung Tengah,DODO,SBM Lampung II Fuel,DAGE,TAGE1,NOT CERTIFIED,NOT CERTIFIED,78.02,69.67,95.21,84.55,78.00,38.33,Pasti Pas Good,,"Jalur Fast Track, NFR"
2025-12-04,2025-12-03,34-15813,III,2025,Jl. Raya Kelapa Dua,Kab Tangerang,DODO,SBM Banten I Fuel,DAGE,DAGE,CERTIFIED,NOT CERTIFIED,87.66,84.00,100.00,90.22,94.00,50.00,Pasti Pas Good,,"NFR, Jalur Fast Track"
2025-12-04,2025-12-03,24-37120,II,2025,Jl. Soekarno Hatta No. 1 Pelayang Raya - Sungai Penuh Kerinci,Kab Kerinci,DODO,SBM Jambi II Fuel,DAG1,DAG2,CERTIFIED,NOT CERTIFIED,89.08,91.67,98.08,85.77,97.00,52.81,Pasti Pas Good,,"NFR, Jalur Fast Track"
2025-12-03,2025-12-03,54-62118,V,2025,"Ds Panjunan, Kalitidu",Kab Bojonegoro,DODO,SBM Surabaya III Fuel,DAGE,DAGE,CERTIFIED,NOT CERTIFIED,89.23,84.33,100.00,92.59,96.00,58.20,Pasti Pas Good,,"NFR, Jalur Fast Track"
2025-12-04,2025-12-03,44-52114,IV,2025,Jl. Lemah Duwur - Adiwerna,Kab Tegal,DODO,SBM Tegal I Fuel,DAE,DAE,CERTIFIED,CERTIFIED,88.77,88.33,96.17,88.38,89.50,68.00,Pasti Pas Excellent,,
2025-12-03,2025-12-03,54-61209,V,2025,Jl. Letjend Sutoyo No.129 Medaeng Waru Sidoarjo,Kab Sidoarjo,DODO,SBM Surabaya II Fuel,DAGE,DAGE,CERTIFIED,NOT CERTIFIED,87.37,84.67,96.17,92.29,96.00,50.63,Pasti Pas Good,,"Jalur Fast Track, NFR"
2025-12-03,2025-12-03,54-63203,V,2025,Jl. Panglima Sudirman,Kab Ngawi,DODO,SBM Kediri III Fuel,DAGE,DAGE,CERTIFIED,NOT CERTIFIED,89.23,83.00,100.00,91.16,100.00,60.98,Pasti Pas Good,,NFR
2025-12-03,2025-12-03,24-33170,II,2025,"JL.Muntok,Rangkui",Kota Pangkal Pinang,DODO,SBM Babel I,DAGE,DAGE,CERTIFIED,NOT CERTIFIED,89.5,87.67,98.17,93.65,84.00,66.10,Pasti Pas Good,,NFR
2025-12-04,2025-12-03,34-15312,III,2025,"Jl. Pahlawan Seribu,Puspiptek Serpong",Kota Tangerang Sel.,,SBM Banten I Fuel,DAE,DAE,CERTIFIED,CERTIFIED,92.28,90.67,100.00,89.12,98.00,74.58,Pasti Pas Excellent,,
2025-12-03,2025-12-03,34-17147,III,2025,"Jl. Pengasinan Raya, Kec. Bekasi Timur",Kota Bekasi,DODO,SBM Karawang I Fuel,DAGE,DAGE,CERTIFIED,NOT CERTIFIED,91.43,91.67,100.00,91.34,95.00,61.68,Pasti Pas Good,,NFR
2025-12-03,2025-12-03,31-10703,III,2025,Jl. Mangga Besar Raya No.140,Kota Jakarta Pusat,COCO,SBM Jabode I Fuel,DAE,DAE,CERTIFIED,CERTIFIED,93.9,92.00,100.00,94.48,90.00,83.90,Pasti Pas Excellent,,
2025-12-03,2025-12-03,34-14409,III,2025,Jl. Raya Kapuk Kamal No. 133,Kota Jakarta Utara,DODO,SBM Jabode II Fuel,DAGE,DAGE,CERTIFIED,NOT CERTIFIED,86.34,80.33,96.17,91.29,91.00,60.30,Pasti Pas Good,,"Jalur Fast Track, NFR"
2025-12-03,2025-12-03,14-283624,I,2025,Jl.Lintas Timur,Kab Pelalawan,,SBM Riau III Fuel,DAGE,DAGE,CERTIFIED,NOT CERTIFIED,92.26,92.67,98.08,93.86,97.00,65.58,Pasti Pas Good,,Jalur Fast Track
2025-12-03,2025-12-03,34-42105,III,2025,"Jl. Raya Serang - Cilegon KM. 6, Serang",Kota Serang,DODO,SBM Banten II Fuel,DAGE,DAGE,CERTIFIED,NOT CERTIFIED,94.62,100.00,100.00,91.75,98.00,64.76,Pasti Pas Good,,"Jalur Fast Track, NFR, Produk JBU"
2025-12-03,2025-12-03,74-94116,VII,2025,Jl. Moh Yamin Kota Palu,Kota Palu,DODO,SBM Sulteng I Fuel,DAGE,DAGE,CERTIFIED,NOT CERTIFIED,90.07,89.33,100.00,92.39,99.00,49.00,Pasti Pas Good,,NFR
2025-12-04,2025-12-03,44-59204,IV,2025,"Jl. Rembang - Lasem Km.8,5, Punjulharjo",Kab Rembang,DODO,SBM Semarang IV Fuel,DAGE,DAGE,CERTIFIED,NOT CERTIFIED,86.45,82.33,100.00,91.77,85.00,48.80,Pasti Pas Good,,NFR
2025-12-03,2025-12-03,51-64407,V,2025,JL. RAYA SARADAN,Kab Nganjuk,,SBM Kediri I Fuel,DAE,DAE,CERTIFIED,CERTIFIED,88.43,88.67,95.44,85.26,86.50,75.08,Pasti Pas Excellent,,
2025-12-03,2025-12-03,44-51117,IV,2025,"Jl. Ds Pakis Putih, Kec. Kedungwuni",Kab Pekalongan,DODO,SBM Tegal II Fuel,DAGE,TAGE1,NOT CERTIFIED,NOT CERTIFIED,89.61,89.67,100.00,83.51,98.00,62.10,Pasti Pas Good,HP,"Jalur Fast Track, NFR, HP"
2025-12-03,2025-12-03,44-55701,IV,2025,"Jl. Jati Wonokromo, Pleret - Imogiri",Kab Bantul,DODO,SBM Yogyakarta I Fuel,DAGE,DAGE,CERTIFIED,NOT CERTIFIED,94,96.67,100.00,94.06,100.00,61.76,Pasti Pas Good,,"Produk JBU, NFR"
2025-12-03,2025-12-03,54-61409,V,2010,"Desa Jatipelem, kec. Diwek, Jombang",Kabupaten Jombang,DODO,SBM Surabaya II Fuel,DAG1,DAG2,CERTIFIED,NOT CERTIFIED,87.49,84.67,100.00,91.69,92.00,45.58,Pasti Pas Good,,"NFR, Jalur Fast Track"
2025-12-03,2025-12-03,34-16927,III,2025,"Jl. Letda Nasir, Cikeas Udik Gunung Putri",Kab Bogor,DODO,SBM Jabode V Fuel,DAGE,DAGE,CERTIFIED,NOT CERTIFIED,88.26,85.00,98.47,92.96,97.50,48.80,Pasti Pas Good,,NFR
2025-12-03,2025-12-03,24-353154,II,2025,"Jl. Raya Ahmad Yani Gadingrejo RT. 007 RW. 004, Gadingrejo",Kab Pringsewu,DODO,SBM Lampung I Fuel,DAGE,DAGE,CERTIFIED,NOT CERTIFIED,89.44,84.33,100.00,95.18,100.00,50.93,Pasti Pas Good,,NFR
2025-12-04,2025-12-03,34-15315,III,2025,"Jl. Bhayangkara, Paku Jaya - Serpong Utara",Kota Tangerang Sel.,DODO,SBM Banten I Fuel,DAGE,DAGE,CERTIFIED,NOT CERTIFIED,85.84,81.67,98.99,90.12,82.00,54.10,Pasti Pas Good,,"NFR, Jalur Fast Track"
2025-12-04,2025-12-03,44-58205,IV,2025,Jl. Raya Randublatung,Kab Blora,DODO,SBM Semarang IV Fuel,DAGE,DAGE,CERTIFIED,NOT CERTIFIED,88.77,83.00,100.00,90.35,100.00,58.00,Pasti Pas Good,,NFR
2025-12-03,2025-12-03,54-60264,V,2025,Jl. Panjang Jiwo No.54,Kota Surabaya,,SBM Surabaya I Fuel,DAE,DAE,CERTIFIED,CERTIFIED,90.23,87.67,100.00,89.10,94.00,67.10,Pasti Pas Excellent,,
2025-12-03,2025-12-03,54-68140,V,2025,Jln. PB SUDIRMAN 88 DUSUN GUDANG SUMBERJAMBE JEMBER,Kab Jember,DODO,SBM Malang II Fuel,DAGE,DAGE,CERTIFIED,NOT CERTIFIED,87.99,84.00,96.17,94.16,100.00,51.01,Pasti Pas Good,,NFR
2025-12-03,2025-12-03,54-64403,V,2025,JL. PANGLIMA SUDIRMANÂ  276,Kab Nganjuk,DODO,SBM Kediri I Fuel,DAGE,DAGE,CERTIFIED,NOT CERTIFIED,85.6,84.33,96.17,88.53,95.50,41.73,Pasti Pas Good,,NFR
2025-12-03,2025-12-03,44-55211,IV,2025,Jl. Kyai Mojo No 52,Kota Yogyakarta,DODO,SBM Yogyakarta I Fuel,DAGE,DAGE,CERTIFIED,NOT CERTIFIED,94.45,96.67,100.00,94.00,98.00,68.60,Pasti Pas Good,,"NFR, Jalur Fast Track"
2025-12-03,2025-12-03,34-46215,III,2025,Jl Siliwangi Kawali Mukti Kec. Kawali Kab. Ciamis,Kab Ciamis,DODO,SBM Bandung IV Fuel,DAGE,DAGE,CERTIFIED,NOT CERTIFIED,86.18,81.00,96.17,89.25,94.50,57.33,Pasti Pas Good,,"NFR, Jalur Fast Track"
2025-12-03,2025-12-03,34-41310,III,2025,"Jl. Interchange Toll, Kec. Teluk Jambe",Kab Karawang,DODO,SBM Karawang II Fuel,DAE,DAE,CERTIFIED,CERTIFIED,92.15,89.33,100.00,91.67,99.00,71.18,Pasti Pas Excellent,,
2025-12-03,2025-12-03,64-74308,VI,2025,"Jl. Jend. Sudirman km 2,00, sampit",Kab KotawaringinTim,DODO,SBM Kalteng II Fuel,DAGE,DAGE,CERTIFIED,NOT CERTIFIED,89.2,87.67,100.00,89.86,95.00,54.30,Pasti Pas Good,,NFR
2025-12-03,2025-12-03,44-55525,IV,2025,Jl. Raya Kel. Selomartani Kec. Kalasan,Kab Sleman,DODO,SBM Yogyakarta I Fuel,DAGE,DAGE,CERTIFIED,NOT CERTIFIED,87.32,89.00,92.33,91.84,89.00,56.40,Pasti Pas Good,,"Jalur Fast Track, NFR"
2025-12-03,2025-12-03,64-78619,VI,2025,JL. RAYA SINTANG NANGA PINOH KEC. S,Kab. Sintang,,SBM Kalbar II Fuel,DAGE,DAGE,CERTIFIED,NOT CERTIFIED,86.84,81.00,100.00,94.67,95.00,40.96,Pasti Pas Good,,NFR
2025-12-03,2025-12-03,64-70202,VI,2025,"Jl. Ahmad Yani km 6,00, Banjarmasin, Kalimantan Selatan",Kota Banjarmasin,DODO,SBM Kalsel I Fuel,DAGE,DAGE,CERTIFIED,NOT CERTIFIED,89.8,86.67,100.00,91.30,99.00,56.36,Pasti Pas Good,,"NFR, Produk JBU"
2025-12-03,2025-12-03,34-43220,III,2008,Jl. Raya Alternatif Jonggol,Kab Cianjur,DODO,SBM Sukabumi I Fuel,DAGE,DAGE,CERTIFIED,NOT CERTIFIED,87.56,81.33,100.00,90.96,95.00,54.66,Pasti Pas Good,,"Jalur Fast Track, NFR, Produk JBU"
2025-12-03,2025-12-03,44-57507,IV,2025,"Jl. Raya Sukoharjo-Wonogiri, Kepuh, Nguter",Kab Sukoharjo,DODO,SBM Yogyakarta III Fuel,DAGE,DAGE,CERTIFIED,NOT CERTIFIED,91.51,92.67,100.00,90.40,93.00,63.30,Pasti Pas Good,,NFR
2025-12-03,2025-12-03,34-40507,III,2025,Jl.Raya Gadobangkong No.67 Gadobangkong kec.ngamprah kab.bandung barat,Kab Bandung Barat,DODO,SBM Bandung II Fuel,DAE,DAE,CERTIFIED,CERTIFIED,92.04,85.00,100.00,92.60,99.00,81.30,Pasti Pas Excellent,,
2025-12-03,2025-12-03,73-95107,VII,2025,Kairagi Weru,Kota Manado,CODO I,SBM Sulutgo I Fuel,DAGE,DAGE,CERTIFIED,NOT CERTIFIED,89.81,92.67,99.04,90.77,95.00,46.50,Pasti Pas Good,,"NFR, Jalur Fast Track"
2025-12-03,2025-12-03,24-30113,II,2025,Jl. Veteran,Kota Palembang,DODO,SBM Sumsel I Fuel,DAGE,DAGE,CERTIFIED,NOT CERTIFIED,86.55,84.33,100.00,90.54,93.00,38.50,Pasti Pas Good,,"NFR, Jalur Fast Track"
2025-12-04,2025-12-03,34-45123,III,2025,Jl. Raya Plered,Kab Cirebon,DODO,SBM Cirebon I Fuel,DAGE,DAGE,CERTIFIED,NOT CERTIFIED,88.56,82.33,99.04,88.98,98.00,65.60,Pasti Pas Good,,"Jalur Fast Track, NFR"
2025-12-03,2025-12-03,44-52224,IV,2025,"Jl. Merdeka, Banjarharjo",Kab Brebes,,SBM Tegal I Fuel,DAE,DAGE,CERTIFIED,NOT CERTIFIED,88.6,83.33,100.00,85.78,97.50,66.90,Pasti Pas Good,,
2025-12-03,2025-12-03,73-96107,VII,2025,Jl. Sudirman Kec. Kota Tengah Kota Gorontalo,Kota Gorontalo,CODO I,SBM Sulutgo III Fuel,DAGE,DAGE,CERTIFIED,NOT CERTIFIED,91.95,93.33,99.04,93.67,97.00,58.00,Pasti Pas Good,,"Jalur Fast Track, NFR"
2025-12-03,2025-12-03,64-78317,VI,2025,JL Ahmad Yani II Kab. Kubu Raya,Kab Kubu Raya,,SBM Kalbar I Fuel,DAGE,DAGE,CERTIFIED,NOT CERTIFIED,85.77,82.00,97.98,91.65,93.00,41.40,Pasti Pas Good,,"NFR, Jalur Fast Track"
2025-12-03,2025-12-03,74-92107,VII,2025,Jl Poros Makasar Panciro,Kab Gowa,,SBM Sulselbar I Fuel,DAGE,DAGE,CERTIFIED,NOT CERTIFIED,89.84,90.33,100.00,90.69,97.00,49.06,Pasti Pas Good,,"NFR, Jalur Fast Track"
2025-12-03,2025-12-03,34-12601,III,2025,Jl. Moh. kahfi 2,Kota Jakarta Selatan,,SBM Jabode III Fuel,DAGE,DAGE,CERTIFIED,NOT CERTIFIED,87.24,83.67,100.00,90.27,93.00,47.86,Pasti Pas Good,,"NFR, Produk JBU, Jalur Fast Track"
2025-12-03,2025-12-03,54-601113,V,2025,Jl. Raya Merr Kalijudan,Kota Surabaya,DODO,SBM Surabaya I Fuel,DAE,DAE,CERTIFIED,CERTIFIED,92.32,92.67,99.17,89.65,96.00,72.40,Pasti Pas Excellent,,
2025-12-03,2025-12-03,74-91657,VII,2025,"Jalan Poros Parepare â€“ Sidrap, Kelurahan Mattirotasi",Kab Sidrap,,SBM Sulselbar III Fuel,DAGE,TAGE1,NOT CERTIFIED,NOT CERTIFIED,86.36,85.33,100.00,82.59,97.00,45.56,Pasti Pas Good,,"Jalur Fast Track, NFR"
2025-12-03,2025-12-03,34-15806,III,2025,Jl. Gatot Subroto KM.9 Bitung,Kab Tangerang,DODO,SBM Banten I Fuel,DAE,DAE,CERTIFIED,CERTIFIED,92.18,88.33,100.00,92.02,100.00,72.53,Pasti Pas Excellent,,
2025-12-03,2025-12-03,34-17111,III,2025,Jl. Cut Mutiah No. 48,Kota Bekasi,DODO,SBM Karawang I Fuel,DAGE,DAGE,CERTIFIED,NOT CERTIFIED,91.22,90.67,100.00,91.60,93.00,64.00,Pasti Pas Good,,"NFR, Jalur Fast Track"
2025-12-04,2025-12-03,34-45219,III,2025,Jl. Raya Kiajaran Wetan,Kab Indramayu,DODO,SBM Cirebon II Fuel,DAGE,DAGE,CERTIFIED,NOT CERTIFIED,88.63,82.33,100.00,91.15,99.00,58.00,Pasti Pas Good,,NFR
2025-12-03,2025-12-03,44-57317,IV,2025,"JL.Raya Kalioso, Kel. Glonggong, Kec. Nogosari",Kab Boyolali,DODO,SBM Yogyakarta III Fuel,DAE,DAE,CERTIFIED,CERTIFIED,94.12,96.67,100.00,91.29,93.00,75.70,Pasti Pas Excellent,,
2025-12-04,2025-12-03,44-50702,IV,2025,Jl. Raya Bawen - Lopait Tuntang,Kab Semarang,DODO,SBM Semarang I Fuel,DAGE,DAGE,CERTIFIED,NOT CERTIFIED,85.32,82.33,91.67,91.70,87.50,60.30,Pasti Pas Good,,NFR
2025-12-03,2025-12-03,53-67149,V,2025,Rest Area KM 66 A Pandaan Malang,Kab Pasuruan,CODO I,SBM Malang I Fuel,DAE,DAE,CERTIFIED,CERTIFIED,90.67,88.33,96.35,92.22,95.50,72.48,Pasti Pas Excellent,,
2025-12-04,2025-12-03,34-42122,III,2025,"Jl. Raya Serang-Cilegon KM. 7, Pelamunan",Kab Serang,DODO,SBM Banten II Fuel,DAGE,DAGE,CERTIFIED,NOT CERTIFIED,84.76,80.33,98.99,88.95,88.00,43.50,Pasti Pas Good,,"NFR, Jalur Fast Track"
2025-12-03,2025-12-03,34-15314,III,2025,"Jl. Pahlawan Seribu, Ciater Barat, Taman Tekno-BSD City",Kota Tangerang Sel.,DODO,SBM Banten I Fuel,DAGE,DAGE,CERTIFIED,NOT CERTIFIED,86.85,87.00,95.44,85.61,94.50,55.48,Pasti Pas Good,,NFR
2025-12-04,2025-12-03,54-85114,V,2025,Jl. Eltari II Kec. Oebobo,Kota Kupang,DODO,SBM NTT I Fuel,DAGE,DAGE,CERTIFIED,NOT CERTIFIED,90.75,92.67,100.00,91.60,95.50,50.80,Pasti Pas Good,,"NFR, Jalur Fast Track"
2025-12-03,2025-12-03,54-66134,V,2025,Jl. Mahakam Kel. Tanjungsari Kec. Sukorejo,Kota Blitar,,SBM Kediri II Fuel,DAGE,DAGE,CERTIFIED,NOT CERTIFIED,87.08,82.00,97.26,91.03,97.00,53.78,Pasti Pas Good,,"NFR, Jalur Fast Track"
2025-12-04,2025-12-03,44-50111,IV,2025,Jl. Kaligawe Raya Km. 6 Genuk,Kota Semarang,DODO,SBM Semarang I Fuel,DAGE,DAGE,CERTIFIED,NOT CERTIFIED,85.61,81.00,99.04,89.84,85.00,51.10,Pasti Pas Good,,NFR
2025-12-03,2025-12-03,54-66236,V,2025,Jl.Raya Demuk Ds.Demuk Kec Pucanglaban Kab Tulungagung,Kab Tulungagung,DODO,SBM Kediri II Fuel,DAGE,DAGE,CERTIFIED,NOT CERTIFIED,87.43,82.67,100.00,87.06,98.00,54.10,Pasti Pas Good,,"Jalur Fast Track, NFR"
2025-12-03,2025-12-03,74-94107,VII,2025,Jl. Touwa Palu,Kota Palu,DODO,SBM Sulteng I Fuel,DAGE,DAGE,CERTIFIED,NOT CERTIFIED,85.4,85.00,100.00,85.18,92.00,36.68,Pasti Pas Good,,"NFR, Jalur Fast Track"
2025-12-03,2025-12-02,24-37181,II,2025,JL. LINTAS SUNGAI PENUH-PADANG DESA PENGKOLAN DUA,Kab Kerinci,DODO,SBM Jambi II Fuel,DAGE,DAGE,CERTIFIED,NOT CERTIFIED,87.13,83.33,97.98,89.61,97.00,51.10,Pasti Pas Good,,NFR
2025-12-03,2025-12-02,31-17501,III,2025,Jl. Azalea Raya No. 1 Lippo Cikarang,Kab Bekasi,,SBM Karawang I Fuel,DAE,DAE,CERTIFIED,CERTIFIED,93.73,96.44,98.54,92.88,89.00,77.50,Pasti Pas Excellent,,
2025-12-03,2025-12-02,44-57118,IV,2025,"Jl. A. Yani, Ngadirejo Gembongan Kartosuro",Kab Sukoharjo,DODO,SBM Yogyakarta III Fuel,DAGE,DAGE,CERTIFIED,NOT CERTIFIED,90.84,88.67,100.00,92.00,94.00,64.40,Pasti Pas Good,,"NFR, Jalur Fast Track"
2025-12-03,2025-12-02,44-57125,IV,2025,"Jl. Kyai Mojo, Semanggi",Kota Surakarta,DODO,SBM Yogyakarta III Fuel,DAGE,DAGE,CERTIFIED,NOT CERTIFIED,93.01,96.67,100.00,93.27,93.00,60.50,Pasti Pas Good,,NFR
2025-12-04,2025-12-02,44-59132,IV,2025,JL. JAKENAN - PUCAKWANGI KEL. PELEM,Kab Pati,DODO,SBM Semarang IV Fuel,DAGE,DAGE,CERTIFIED,NOT CERTIFIED,87.55,87.33,98.99,92.85,89.00,41.90,Pasti Pas Good,,NFR
2025-12-03,2025-12-02,44-52314,IV,2025,Jl. Lingkar Utara Pemalang,Kab Pemalang,DODO,SBM Tegal II Fuel,DAE,DAE,CERTIFIED,CERTIFIED,94.61,96.67,100.00,92.93,98.00,72.10,Pasti Pas Excellent,,
2025-12-04,2025-12-02,44-50707,IV,2025,Jl. Raya Salatiga - Ungaran,Kab Semarang,DODO,SBM Semarang I Fuel,DAGE,DAGE,CERTIFIED,NOT CERTIFIED,87.34,82.33,100.00,93.34,80.50,59.10,Pasti Pas Good,,NFR
2025-12-03,2025-12-02,34-13307,III,2025,Jl. Jatinegara Barat No. 83,Kota Jakarta Timur,DODO,SBM Jabode I Fuel,DAGE,DAGE,CERTIFIED,NOT CERTIFIED,86.01,80.33,100.00,92.37,82.00,52.23,Pasti Pas Good,,NFR
2025-12-03,2025-12-02,54-80302,V,2025,Jl. ByPass Ngurah Rai Ds.Jimbaran,Kab Badung,,SBM Bali II Fuel,DAGE,DAGE,CERTIFIED,NOT CERTIFIED,89.21,88.33,99.04,91.52,94.00,52.81,Pasti Pas Good,,"Jalur Fast Track, NFR"
2025-12-03,2025-12-02,34-16420,III,2025,Jl. Raya Cipayung Bojong/Pd. Terong,Kota Depok,,SBM Jabode III Fuel,DAGE,DAGE,CERTIFIED,NOT CERTIFIED,88.16,80.00,100.00,94.48,99.00,53.61,Pasti Pas Good,,"Produk JBU, NFR"
2025-12-03,2025-12-02,34-15127,III,2025,"RJH5+CV8, Jl. Moh. Toha, RT.001/RW.008, Bugel, Kec. Karawaci, Kota Tangerang, Banten 15113",Kota Tangerang,DODO,SBM Banten I Fuel,DAGE,DAGE,CERTIFIED,NOT CERTIFIED,88.89,85.67,100.00,91.10,98.00,51.66,Pasti Pas Good,,"NFR, Jalur Fast Track"
2025-12-03,2025-12-02,54-66202,V,2025,Ds. Sumberdadi Kec. Sumber Gempol,Kab Tulungagung,,SBM Kediri II Fuel,DAGE,DAGE,CERTIFIED,NOT CERTIFIED,84.49,85.67,92.33,87.55,87.00,48.96,Pasti Pas Good,,"Jalur Fast Track, NFR"
2025-12-03,2025-12-02,24-331102,II,2025,Jl. Ahmad Yani Dalam (Pasar Pagi),Kota Pangkal Pinang,DODO,SBM Babel I,DAGE,DAGE,CERTIFIED,NOT CERTIFIED,88.38,83.33,99.04,95.28,87.00,59.10,Pasti Pas Good,,"NFR, Jalur Fast Track"
2025-12-03,2025-12-02,44-53304,IV,2025,"Jl. S. Parman, Kel. Kedungmenjangan",Kab Purbalingga,,SBM Tegal III Fuel,DAGE,DAGE,CERTIFIED,NOT CERTIFIED,92.48,96.67,100.00,92.90,91.00,58.00,Pasti Pas Good,,"NFR, Jalur Fast Track"
2025-12-03,2025-12-02,64-78614,VI,2025,Jl. Masuka II,Kab Sintang,,SBM Kalbar II Fuel,DAGE,DAGE,CERTIFIED,NOT CERTIFIED,90.47,93.33,100.00,95.21,93.00,40.96,Pasti Pas Good,,"NFR, Jalur Fast Track"
2025-12-03,2025-12-02,54-60268,V,2025,Jl. Joyoboyo No.53,Kota Surabaya,DODO,SBM Surabaya I Fuel,DAGE,DAE,CERTIFIED,CERTIFIED,92.17,88.67,100.00,90.16,99.00,76.30,Pasti Pas Excellent,,
2025-12-02,2025-12-02,34-42113,III,2025,Jl. Jendral Sudirman No 6 Ciceri,Kota Serang,DODO,SBM Banten II Fuel,DAGE,TAGE1,NOT CERTIFIED,NOT CERTIFIED,92.29,98.67,100.00,83.57,95.50,64.26,Pasti Pas Good,,"Produk JBU, NFR, Jalur Fast Track"
2025-12-03,2025-12-02,41-55202,IV,2025,JL. TEGALREJO,Kota Yogyakarta,CODO I,SBM Yogyakarta I Fuel,DAE,DAE,CERTIFIED,CERTIFIED,90.54,85.33,99.04,86.89,100.00,78.50,Pasti Pas Excellent,,
2025-12-03,2025-12-02,23-36103,II,2025,"Jl. Marsda Abdurrahman Saleh, Kel. Paal Merah, Kec. Jambi Selatan",Kota Jambi,CODO I,SBM Jambi I Fuel,DAGE,DAGE,CERTIFIED,NOT CERTIFIED,88.16,91.67,99.04,91.95,87.00,38.44,Pasti Pas Good,,"Jalur Fast Track, NFR, Produk JBU"
2025-12-04,2025-12-02,43-50201,IV,2025,Jl Lamper Tengah Semarang,Kota Semarang,CODO I,SBM Semarang I Fuel,DAGE,DAGE,CERTIFIED,NOT CERTIFIED,83.99,81.00,100.00,87.23,69.00,53.40,Pasti Pas Good,,"NFR, Jalur Fast Track"
2025-12-03,2025-12-02,44-59520,IV,2025,"JL. RAYA DS.KARANGAWEN, KEC. KARANGAWEN",Kab Demak,DODO,SBM Semarang III Fuel,DAGE,TAGE1,NOT CERTIFIED,NOT CERTIFIED,80.82,82.00,91.79,83.77,73.00,46.30,Pasti Pas Good,,NFR
2025-12-03,2025-12-02,34-15138,III,2025,Jl. Tol Jakarta - Merak KM 13.5,Kota Tangerang,,SBM Banten I Fuel,DAE,DAE,CERTIFIED,CERTIFIED,94.17,95.33,100.00,90.50,100.00,74.68,Pasti Pas Excellent,,
2025-12-03,2025-12-02,71-90277,VII,2025,Jl. Perintis Kemerdekaan Km. 16,Kota Makassar,,SBM Sulselbar I Fuel,DAE,DAE,CERTIFIED,CERTIFIED,92.3,89.33,100.00,92.93,99.00,69.98,Pasti Pas Excellent,,
2025-12-02,2025-12-02,44-55201,IV,2025,"Jl. Magelang Km 8,2 Melati Sleman",Kab Sleman,DODO,SBM Yogyakarta I Fuel,DAGE,DAGE,CERTIFIED,NOT CERTIFIED,93.05,92.67,100.00,94.28,100.00,63.80,Pasti Pas Good,,NFR
2025-12-02,2025-12-02,44-57710,IV,2025,"Jl. Adi Sucipto, Colomadu",Kab Karanganyar,DODO,SBM Yogyakarta IV Fuel,DAGE,DAGE,CERTIFIED,NOT CERTIFIED,91.66,92.67,100.00,91.05,96.00,60.50,Pasti Pas Good,,"NFR, Jalur Fast Track"
2025-12-03,2025-12-02,54-67116,V,2025,Jl. Raya Kepulungan Kec. Gempol,Kab Pasuruan,,SBM Malang I Fuel,DAGE,DAGE,CERTIFIED,NOT CERTIFIED,86.22,88.33,100.00,85.66,86.00,39.93,Pasti Pas Good,,"Jalur Fast Track, NFR"
2025-12-02,2025-12-02,51-601108,V,2025,Jl. Raya Mastrip Kebraon No.310-312 Kec.Karang Pilang,Kota Surabaya,COCO,SBM Surabaya I Fuel,DAE,TAGE1,NOT CERTIFIED,NOT CERTIFIED,87.95,73.67,100.00,88.99,99.00,81.60,Pasti Pas Good,,
2025-12-03,2025-12-02,34-45137,III,2025,"Jl. Raya Palimanan, Gempol, Cirebon",Kab Cirebon,DODO,SBM Cirebon I Fuel,DAGE,TAGE1,NOT CERTIFIED,NOT CERTIFIED,85.8,82.33,99.04,83.19,88.00,59.43,Pasti Pas Good,APAB,"Jalur Fast Track, APAB"
2025-12-03,2025-12-02,61-75102,VI,2025,Jl. Slamet Riyadi Samarinda,Kota Samarinda,COCO,SBM Kaltimut II Fuel,DAE,DAE,CERTIFIED,CERTIFIED,92.38,87.67,100.00,92.20,94.00,82.40,Pasti Pas Excellent,,
2025-12-03,2025-12-02,31-11602,III,2025,Jalan Outer RingRoad No.238 Kembangan Utara Kembangan Jakarta Barat,Kota Jakarta Barat,COCO,SBM Jabode II Fuel,DAE,DAE,CERTIFIED,CERTIFIED,91.77,88.33,96.35,95.60,99.00,73.50,Pasti Pas Excellent,,
2025-12-03,2025-12-02,34-43204,III,2025,Jl. Ir. H. Juanda Panembong,Kab Cianjur,DODO,SBM Sukabumi I Fuel,DAE,DAE,CERTIFIED,CERTIFIED,92.26,88.00,100.00,93.49,100.00,71.70,Pasti Pas Excellent,,
2025-12-03,2025-12-02,54-62208,V,2025,Jl. Sunan Drajat No.174,Kab Lamongan,DODO,SBM Surabaya III Fuel,DAG1,DAG2,CERTIFIED,NOT CERTIFIED,88.99,84.33,100.00,91.65,97.00,56.56,Pasti Pas Good,,"Jalur Fast Track, NFR"
2025-12-03,2025-12-02,54-63212,V,2025,Jl. Raya Ngawi - Solo Ds. Kawu Kec. Kedunggalar,Kab Ngawi,DODO,SBM Kediri III Fuel,DAGE,DAGE,CERTIFIED,NOT CERTIFIED,86.25,83.67,100.00,85.42,90.50,49.93,Pasti Pas Good,,"NFR, Jalur Fast Track"
2025-12-02,2025-12-02,34-41311,III,2025,"Jl. Jend Sudirman, Kec. Kota Baru",Kab Karawang,DODO,SBM Karawang II Fuel,DAGE,DAGE,CERTIFIED,NOT CERTIFIED,89.61,87.33,100.00,93.39,99.00,48.33,Pasti Pas Good,,NFR
2025-12-03,2025-12-02,44-59214,IV,2025,Jl. Pamotan Lasem Km.10,Kab Rembang,DODO,SBM Semarang IV Fuel,DAE,DAE,CERTIFIED,CERTIFIED,87.01,88.00,99.09,89.61,72.50,56.80,Pasti Pas Excellent,,
2025-12-03,2025-12-02,74-90877,VII,2025,BATU BATU,Kab Soppeng,,SBM Sulselbar III Fuel,DAGE,DAGE,CERTIFIED,NOT CERTIFIED,87.37,82.00,100.00,92.55,97.00,45.56,Pasti Pas Good,,"Jalur Fast Track, NFR"
2025-12-02,2025-12-02,34-40135,III,2025,JL. Surya Sumantri No. 36,Kota Bandung,,SBM Bandung I Fuel,DAE,DAE,CERTIFIED,CERTIFIED,90.9,87.00,100.00,90.96,99.00,67.10,Pasti Pas Excellent,,
2025-12-03,2025-12-02,34-15126,III,2008,Jl. Raden Fatah Ciledug,Kab.Tanggerang,DODO,SBM Banten I Fuel,DAGE,DAGE,CERTIFIED,NOT CERTIFIED,87.68,85.33,98.94,91.14,98.00,43.71,Pasti Pas Good,,"Jalur Fast Track, NFR, Produk JBU"
2025-12-03,2025-12-02,44-59140,IV,2025,"Ds. Winong Kec. Winong, Kab. Pati",Kab Pati,DODO,SBM Semarang IV Fuel,DAGE,DAGE,CERTIFIED,NOT CERTIFIED,86.02,83.00,99.04,91.40,90.00,41.16,Pasti Pas Good,,NFR
2025-12-02,2025-12-02,34-15121,III,2025,Jl. Prabu Kiansantang Sangiang Jaya,Kota Tangerang,DODO,SBM Banten I Fuel,DAE,DAE,CERTIFIED,CERTIFIED,93.95,88.33,100.00,94.08,100.00,86.18,Pasti Pas Excellent,,
2025-12-03,2025-12-02,64-74309,VI,2025,"Jl. M.T Haryono Kab. Kotawaringin Timur, Kalteng",Kab KotawaringinTim,DODO,SBM Kalteng II Fuel,DAE,DAE,CERTIFIED,CERTIFIED,93.14,88.67,100.00,94.80,100.00,75.80,Pasti Pas Excellent,,
2025-12-02,2025-12-02,34-17526,III,2025,Jl. Niaga Raya No 1 Jababeka II Cikarang,Kab Bekasi,DODO,SBM Karawang I Fuel,DAE,DAE,CERTIFIED,CERTIFIED,92.53,92.67,100.00,91.65,99.00,64.98,Pasti Pas Excellent,,
2025-12-03,2025-12-02,64-707009,VI,2025,"JL. PONDOK EMPAT, KEL. LOKTABAT UTARA, KEC. BANJARBARU UTARA, KOTA BANJARBARU - KALSEL",Kota Banjarbaru,DODO,SBM Kalsel I Fuel,DAGE,DAGE,CERTIFIED,NOT CERTIFIED,89.78,86.33,100.00,91.66,97.00,58.40,Pasti Pas Good,,"NFR, Produk JBU, Jalur Fast Track"
2025-12-02,2025-12-02,64-78116,VI,2025,Jl Sungai Raya Dalam,Kota Pontianak,DODO,SBM Kalbar I Fuel,DAGE,DAGE,CERTIFIED,NOT CERTIFIED,85.82,82.00,100.00,91.24,93.00,36.63,Pasti Pas Good,,"Jalur Fast Track, Produk JBU, NFR"
2025-12-02,2025-12-02,44-55612,IV,2025,"Jl. Nanggulan - Muntilan Ds. Banjararum, Kec. Kalibawang",Kab Kulon Progo,DODO,SBM Yogyakarta I Fuel,DAGE,DAGE,CERTIFIED,NOT CERTIFIED,92.21,94.67,100.00,92.06,93.00,61.00,Pasti Pas Good,,"NFR, Jalur Fast Track"
2025-12-02,2025-12-02,44-57108,IV,2025,"Jl. Veteran, Tipes",Kota Surakarta,DODO,SBM Yogyakarta III Fuel,DAGE,DAGE,CERTIFIED,NOT CERTIFIED,90.81,88.33,100.00,92.46,96.00,62.20,Pasti Pas Good,,"Jalur Fast Track, NFR"
2025-12-03,2025-12-02,44-50117,IV,2025,Jl. Osa Maliki Salatiga,Kota Salatiga,DODO,SBM Semarang I Fuel,DAGE,DAGE,CERTIFIED,NOT CERTIFIED,86.36,84.67,90.80,91.62,86.00,67.90,Pasti Pas Good,,NFR
2025-12-02,2025-12-02,54-61405,V,2025,Jl. Raya Ploso Babat Ds.Bawangan,Kab Jombang,DODO,SBM Surabaya II Fuel,DAGE,DAGE,CERTIFIED,NOT CERTIFIED,88.51,84.67,99.09,92.49,89.00,59.90,Pasti Pas Good,,NFR
2025-12-03,2025-12-02,34-46205,III,2025,Jl. Margaluyu Kec. Cikoneng ,Kab Ciamis,DODO,SBM Bandung IV Fuel,DAE,DAE,CERTIFIED,CERTIFIED,88.33,85.33,97.26,88.65,90.00,68.18,Pasti Pas Excellent,,
2025-12-02,2025-12-02,54-66223,V,2025,Jl. Argopuro Ds. Bolorejo Kec. Kauman,Kab Tulungagung,,SBM Kediri II Fuel,DAGE,DAGE,CERTIFIED,NOT CERTIFIED,87.45,83.67,100.00,88.48,94.00,52.30,Pasti Pas Good,,NFR
2025-12-03,2025-12-02,54-67315,V,2025,JL. MAHAMERU DSN KRAJAN DS. SENTUL ,Kab Lumajang,,SBM Malang II Fuel,DAGE,DAGE,CERTIFIED,NOT CERTIFIED,84.81,85.33,87.54,87.78,100.00,53.90,Pasti Pas Good,,NFR
2025-12-03,2025-12-02,34-42121,III,2025,Jl. Raya Serang Pakupatan,Kota Serang,DODO,SBM Banten II Fuel,DAGE,DAGE,CERTIFIED,NOT CERTIFIED,85.52,80.33,99.04,88.62,97.00,42.70,Pasti Pas Good,,"NFR, Jalur Fast Track"
2025-12-03,2025-12-02,34-45222,III,2025,Jl. Ujung Jaya Widasari,Kab Indramayu,,SBM Cirebon II Fuel,DAGE,DAGE,CERTIFIED,NOT CERTIFIED,86.9,81.67,100.00,90.65,93.00,49.73,Pasti Pas Good,,"Jalur Fast Track, NFR"
2025-12-03,2025-12-02,24-306184,II,2025,"Jl. Lingkar Selatan Sungai Rasau, Kec. Pemulutan, Kab. Ogan Ilir",Kab Ogan Ilir,DODO,SBM Sumsel III Fuel,DAGE,DAGE,CERTIFIED,NOT CERTIFIED,91.07,90.67,100.00,93.65,97.00,54.30,Pasti Pas Good,,NFR
2025-12-02,2025-12-02,34-16407,III,2025,"Jl. Raya Sawangan, Pancoran Mas",Kota Depok,,SBM Jabode III Fuel,DAE,DAE,CERTIFIED,CERTIFIED,92.29,85.00,100.00,93.40,99.00,82.18,Pasti Pas Excellent,,
2025-12-02,2025-12-02,54-601107,V,2025,Jl. Kebonsari Tengah No.64-66,Kota Surabaya,DODO,SBM Surabaya I Fuel,DAGE,DAE,CERTIFIED,CERTIFIED,91.32,87.67,100.00,90.84,93.00,75.60,Pasti Pas Excellent,,
2025-12-02,2025-12-02,13-287620,I,2025,"Jl. Rangau Km. 7, Kel. Pematang Pudu, Kec. Mandau, Duri, Kab. Bengkalis",Kab Bengkalis,,SBM Riau II Fuel,DAGE,DAGE,CERTIFIED,NOT CERTIFIED,89.92,90.67,96.52,93.34,96.50,54.30,Pasti Pas Good,,NFR
2025-12-03,2025-12-02,43-53312,IV,2025,Jl.Raya Tumanggal-Pengadegan KM.12 Pengadegan Purbalingga    ,Kab Purbalingga,,SBM Tegal III Fuel,DAGE,TAGE1,NOT CERTIFIED,NOT CERTIFIED,83.62,80.67,96.35,80.80,92.00,51.60,Pasti Pas Good,,NFR
2025-12-02,2025-12-02,24-331104,II,2025,"Jl RE Martadinata, Kel Opas, pangkalpinang",Kota Pangkal Pinang,DODO,SBM Babel I,DAGE,DAGE,CERTIFIED,NOT CERTIFIED,90.52,87.67,96.97,99.50,92.00,60.30,Pasti Pas Good,,"NFR, Jalur Fast Track"
2025-12-02,2025-12-02,34-11710,III,2025,Jl. Outer Ringroad Cengkareng,Kota Jakarta Barat,,SBM Jabode II Fuel,DAGE,DAGE,CERTIFIED,NOT CERTIFIED,88.51,84.84,96.35,93.03,99.00,51.90,Pasti Pas Good,,NFR
2025-12-02,2025-12-02,31-17504,III,2025,Jl. BIIE Lippo Cikarang,Kab Bekasi,,SBM Karawang I Fuel,DAE,DAE,CERTIFIED,CERTIFIED,89.75,89.33,86.79,94.06,99.00,81.90,Pasti Pas Excellent,,
2025-12-02,2025-12-02,44-55207,IV,2025,"Jl. Ambarketawang, Gamping",Kab Sleman,DODO,SBM Yogyakarta I Fuel,DAE,DAE,CERTIFIED,CERTIFIED,94.09,92.67,100.00,94.48,100.00,73.90,Pasti Pas Excellent,,
2025-12-03,2025-12-02,43-55218,IV,2025,"Jombor, JL. Ring Road Utara",Kab Sleman,CODO I,SBM Yogyakarta I Fuel,DAE,TAGE1,NOT CERTIFIED,NOT CERTIFIED,86.97,88.67,99.09,81.85,76.00,66.70,Pasti Pas Good,Izin Prinsip,Izin Prinsip
2025-12-02,2025-12-02,54-67311,V,2025,Ds. Sentul Petahunan Kec. Sumbersuko,Kab Lumajang,,SBM Malang II Fuel,DAGE,DAGE,CERTIFIED,NOT CERTIFIED,86.44,84.33,95.96,93.18,98.00,39.05,Pasti Pas Good,,"NFR, Jalur Fast Track"
2025-12-02,2025-12-02,34-17107,III,2025,Jl. Raya Perjuangan Harapan Baru,Kota Bekasi,DODO,SBM Karawang I Fuel,DAGE,DAGE,CERTIFIED,NOT CERTIFIED,90.28,90.67,100.00,89.40,96.00,56.00,Pasti Pas Good,,"Jalur Fast Track, NFR"
2025-12-03,2025-12-02,23-30128,II,2025,Jl. M. Isa Kel. Ilir Kec. Ilir Timur II,Kota Palembang,CODO I,SBM Sumsel I Fuel,DAE,DAE,CERTIFIED,CERTIFIED,92.29,89.67,100.00,93.65,97.00,69.50,Pasti Pas Excellent,,
2025-12-02,2025-12-02,54-68418,V,2025,Jl. Raya Mangir Rogojampi,Kab Banyuwangi,DODO,SBM Malang III Fuel,DAGE,DAGE,CERTIFIED,NOT CERTIFIED,90.71,87.67,100.00,91.39,100.00,61.23,Pasti Pas Good,,NFR
2025-12-02,2025-12-02,31-13301,III,2025,Jl. Otista Raya No. 69-71,Kota Jakarta Timur,COCO,SBM Jabode I Fuel,DAE,DAE,CERTIFIED,CERTIFIED,93.32,88.33,100.00,94.20,99.00,80.90,Pasti Pas Excellent,,
2025-12-02,2025-12-02,74-94607,VII,2025,Jl. Pulau Batam,Kab Poso,DODO,SBM Sulteng II Fuel,DAGE,DAGE,CERTIFIED,NOT CERTIFIED,86.44,84.67,98.99,89.45,89.00,45.56,Pasti Pas Good,,"NFR, Jalur Fast Track"
2025-12-03,2025-12-02,44-52315,IV,2025,Jl Raya Pemalang Bantarbolang,Kab Pemalang,DODO,SBM Tegal II Fuel,DAE,DAE,CERTIFIED,CERTIFIED,94.95,96.67,100.00,92.28,100.00,74.90,Pasti Pas Excellent,,
2025-12-02,2025-12-02,24-38219,II,2025,Jl. Depati Payung Negara No.31 Pagar Dewa,Kota Bengkulu,DODO,SBM Bengkulu I Fuel,DAGE,DAGE,CERTIFIED,NOT CERTIFIED,91.84,91.67,100.00,93.40,94.00,62.60,Pasti Pas Good,,NFR
2025-12-02,2025-12-02,54-62223,V,2025,Ds. Bakalan Pule Kec.Tikung,Kab Lamongan,DODO,SBM Surabaya III Fuel,DAGE,DAGE,CERTIFIED,NOT CERTIFIED,88.52,87.67,99.09,91.59,89.50,52.36,Pasti Pas Good,,"NFR, Jalur Fast Track"
2025-12-02,2025-12-02,34-15124,III,2025,"Jl. Gatot Subroto KM 5,5 Jatiuwung",Kota Tangerang,DODO,SBM Banten I Fuel,DAGE,DAGE,CERTIFIED,NOT CERTIFIED,88.16,88.00,100.00,90.54,98.00,38.33,Pasti Pas Good,,"NFR, Jalur Fast Track"
2025-12-03,2025-12-02,64-78612,VI,2025,Jl. Tugu BI,Kab Sintang,,SBM Kalbar II Fuel,DAGE,DAGE,CERTIFIED,NOT CERTIFIED,90.95,87.67,100.00,93.72,95.00,63.76,Pasti Pas Good,,NFR
2025-12-03,2025-12-02,44-50115,IV,2025,Jl.Brigjend Sudiarto no.264,Kota Semarang,DODO,SBM Semarang I Fuel,DAGE,DAGE,CERTIFIED,NOT CERTIFIED,87.75,80.00,100.00,93.20,85.50,65.60,Pasti Pas Good,,NFR
2025-12-02,2025-12-02,44-59218,IV,2025,Ds. Gedongmulyo Kec Lasem,Kab Rembang,DODO,SBM Semarang IV Fuel,DAGE,TAGE1,NOT CERTIFIED,NOT CERTIFIED,79.49,82.33,79.11,86.86,86.00,50.60,Pasti Pas Good,,NFR
2025-12-03,2025-12-02,54-67107,V,2025,Jl. Raya Kejapanan No.1 Kec.Gempol,Kab Pasuruan,,SBM Malang I Fuel,DAGE,DAGE,CERTIFIED,NOT CERTIFIED,86.84,87.33,100.00,88.05,78.00,52.23,Pasti Pas Good,,"Jalur Fast Track, NFR"
2025-12-03,2025-12-02,34-45147,III,2025,Jl. Raya Ciwaringin Cirebon,Kab Cirebon,DODO,SBM Cirebon I Fuel,DAGE,DAGE,CERTIFIED,NOT CERTIFIED,86.73,82.33,100.00,89.17,84.00,58.00,Pasti Pas Good,,"Jalur Fast Track, NFR"
2025-12-02,2025-12-02,84-97705,VIII,2025,Ds. Wari- Tobelo,Kab Halmahera Utara,DODO,SBM Maluku Utara II,DAGE,DAGE,CERTIFIED,NOT CERTIFIED,89.35,84.33,98.99,92.95,99.00,58.66,Pasti Pas Good,,NFR
2025-12-02,2025-12-02,34-41303,III,2025,"JL.JATISARI,CKP",Kab Karawang,DODO,SBM Karawang II Fuel,DAGE,DAGE,CERTIFIED,NOT CERTIFIED,88.7,86.00,100.00,94.28,92.00,48.33,Pasti Pas Good,,"NFR, Jalur Fast Track"
2025-12-03,2025-12-02,54-83306,V,2025,Jl. Raya Gerung Lembar Ds. Jembatan Kembar,Kab Lombok Barat,DODO,SBM NTB I Fuel,DAGE,DAGE,CERTIFIED,NOT CERTIFIED,86.81,82.00,99.04,90.55,95.00,48.80,Pasti Pas Good,,NFR
2025-12-02,2025-12-02,44-59120,IV,2025,Jl. Raya Gabus Pati Km.1 Gabus,Kab Pati,DODO,SBM Semarang IV Fuel,DAGE,DAGE,CERTIFIED,NOT CERTIFIED,85.2,82.33,99.04,87.29,94.00,39.16,Pasti Pas Good,,"NFR, Jalur Fast Track"
2025-12-02,2025-12-02,34-15110,III,2025,"Jl. HOS Cokroaminoto 83, Ciledug",Kota Tangerang,DODO,SBM Banten I Fuel,DAE,TAGE1,NOT CERTIFIED,NOT CERTIFIED,83.54,80.67,81.56,90.80,100.00,67.10,Pasti Pas Good,,
2025-12-03,2025-12-02,64-743018,VI,2025,"Jl. Hasan Mansyur RT.042 RW.007 Kel.Baamang, Kec.Baamang",Kab KotawaringinTim,DODO,SBM Kalteng II Fuel,DAGE,DAE,CERTIFIED,CERTIFIED,92.84,87.33,100.00,95.40,100.00,75.58,Pasti Pas Excellent,,
2025-12-02,2025-12-02,34-40134,III,2025,Jl. H. Cokroaminoto Paskal,Kota Bandung,,SBM Bandung I Fuel,DAE,DAE,CERTIFIED,CERTIFIED,90.82,85.00,100.00,93.59,99.00,67.10,Pasti Pas Excellent,,
2025-12-02,2025-12-02,34-43221,III,2025,"Jl. Raya Cugenang, Cianjur",Kab Cianjur,DODO,SBM Sukabumi I Fuel,DAGE,DAGE,CERTIFIED,NOT CERTIFIED,88.45,81.33,100.00,89.97,98.00,62.60,Pasti Pas Good,,"Jalur Fast Track, NFR"
2025-12-03,2025-12-02,54-66101,V,2025,Jl. Raya Bagelenan Srengat-Blitar,Kab Blitar,,SBM Kediri II Fuel,DAGE,DAGE,CERTIFIED,NOT CERTIFIED,90.21,93.00,97.12,89.30,94.00,59.10,Pasti Pas Good,,"Jalur Fast Track, NFR"
2025-12-02,2025-12-02,44-57709,IV,2025,"Jl. Tentara Pelajar Bolon Colomadu, Karanganyar",Kab Karanganyar,DODO,SBM Yogyakarta IV Fuel,DAE,DAE,CERTIFIED,CERTIFIED,91.54,92.67,96.17,90.90,100.00,67.10,Pasti Pas Excellent,,
2025-12-02,2025-12-02,44-55526,IV,2025,JL.GODEAN - TEMPEL KM.5 SEYEGAN,Kab Sleman,,SBM Yogyakarta I Fuel,DAGE,DAGE,CERTIFIED,NOT CERTIFIED,87.55,89.00,91.93,92.43,93.00,54.71,Pasti Pas Good,,"Jalur Fast Track, Produk JBU, NFR"
2025-12-03,2025-12-02,44-50710,IV,2025,Jl. Raya Ds.Suruh,Kab Semarang,DODO,SBM Semarang I Fuel,DAE,DAE,CERTIFIED,CERTIFIED,92.96,90.00,100.00,95.18,97.50,71.60,Pasti Pas Excellent,,
2025-12-04,2025-12-02,54-601112,V,2025,Jl. Margomulyo No.30,Kota Surabaya,DODO,SBM Surabaya I Fuel,DAE,DAE,CERTIFIED,CERTIFIED,91.31,87.67,100.00,91.89,97.00,69.40,Pasti Pas Excellent,,
2025-12-02,2025-12-02,64-78103,VI,2025,Jl. KH Ahmad Dahlan,Kota Pontianak,DODO,SBM Kalbar I Fuel,DAGE,DAE,CERTIFIED,CERTIFIED,91.43,88.67,97.98,93.79,95.00,71.78,Pasti Pas Excellent,,
2025-12-02,2025-12-02,54-80335,V,2025,Jl. Raya Unggasan,Kab Badung,,SBM Bali II Fuel,DAE,DAE,CERTIFIED,CERTIFIED,92.05,90.67,100.00,90.12,97.00,71.08,Pasti Pas Excellent,,
2025-12-02,2025-12-02,44-50714,IV,2025,Jl. Patimura No. 63 Bringin,Kota Salatiga,DODO,SBM Semarang I Fuel,DAGE,DAGE,CERTIFIED,NOT CERTIFIED,86.79,83.67,99.09,87.02,80.00,65.60,Pasti Pas Good,,NFR
2025-12-02,2025-12-02,44-57111,IV,2025,"Jl. Ki Mangun Sarkoro, Banyuagung",Kota Surakarta,DODO,SBM Yogyakarta III Fuel,DAGE,DAGE,CERTIFIED,NOT CERTIFIED,93.18,96.67,100.00,92.40,95.00,62.10,Pasti Pas Good,,"NFR, Jalur Fast Track"
2025-12-03,2025-12-02,34-15137,III,2025,Jl. Toll Tangerang - Jakarta KM. 14 B,Kota Tangerang,,SBM Banten I Fuel,DAE,DAE,CERTIFIED,CERTIFIED,92.29,92.67,100.00,90.51,97.50,66.20,Pasti Pas Excellent,,
2025-12-02,2025-12-02,54-63219,V,2025,JL.Raya Karangjati Ds.Legundi Kec.Karangjati ,Kab Ngawi,,SBM Kediri III Fuel,DAGE,DAGE,CERTIFIED,NOT CERTIFIED,83.89,83.67,85.12,92.05,87.50,60.98,Pasti Pas Good,,NFR
2025-12-02,2025-12-02,74-90897,VII,2025,Jl. Poros Parepare Soppeng,Kab Soppeng,,SBM Sulselbar III Fuel,DAGE,DAGE,CERTIFIED,NOT CERTIFIED,86.95,84.67,99.09,89.49,93.00,46.33,Pasti Pas Good,,"Jalur Fast Track, NFR"
2025-12-03,2025-12-02,64-70708,VI,2025,Jl. Trikora Landasan Ulin,Kota Banjarbaru,DODO,SBM Kalsel I Fuel,DAGE,DAGE,CERTIFIED,NOT CERTIFIED,87.67,85.33,100.00,90.11,93.00,47.36,Pasti Pas Good,,"Jalur Fast Track, Produk JBU, NFR"
2025-12-03,2025-12-02,61-75101,VI,2025,Jl. Kusuma Bangsa,Kota Samarinda,COCO,SBM Kaltimut II Fuel,DAGE,DAGE,CERTIFIED,NOT CERTIFIED,90.13,89.00,100.00,91.16,84.00,67.90,Pasti Pas Good,,NFR
2025-12-02,2025-12-02,34-46207,III,2025,Jl. Raya Sukasetia Cihaurbeuti CiamisJl Raya Sukasetia RT 01 RW 01 Cihaurbeuti Kab. Ciamis,Kab Ciamis,DODO,SBM Bandung IV Fuel,DAGE,DAGE,CERTIFIED,NOT CERTIFIED,86.5,83.00,92.33,90.55,99.00,58.70,Pasti Pas Good,,NFR
2025-12-03,2025-12-02,54-66234,V,2025,Jl.Trunojoyo Ds.Boro Kec.Kedungwaru Kab Tulungagung,Kab Tulungagung,DODO,SBM Kediri II Fuel,DAGE,DAGE,CERTIFIED,NOT CERTIFIED,84.67,82.67,97.21,85.39,80.00,56.10,Pasti Pas Good,,NFR
2025-12-02,2025-12-02,74-96227,VII,2025,Jl Nani Wartabone No 1,Kota Gorontalo,DODO,SBM Sulutgo III Fuel,DAGE,DAGE,CERTIFIED,NOT CERTIFIED,91.1,89.33,100.00,94.19,99.00,55.70,Pasti Pas Good,,NFR
2025-12-02,2025-12-02,34-15128,III,2025,Jl. Gatot Subroto Km 4.5 Tangerang,Kota Tangerang,DODO,SBM Banten I Fuel,DAGE,DAGE,CERTIFIED,NOT CERTIFIED,89.57,84.33,100.00,89.09,100.00,64.27,Pasti Pas Good,,NFR
2025-12-02,2025-12-01,24-37350,II,2025,Jl.Lintas Sumatera Gn.Kembang Sarolangun,Kab Sarolangun,DODO,SBM Jambi II Fuel,DAGE,DAGE,CERTIFIED,NOT CERTIFIED,86.98,84.67,96.97,94.89,87.00,48.10,Pasti Pas Good,,NFR
2025-12-02,2025-12-01,34-15405,III,2025,Jl. IR. H. Juanda,Kota Tangerang Sel.,DODO,SBM Banten I Fuel,DAG3,TAG1,NOT CERTIFIED,NOT CERTIFIED,71.5,78.00,51.12,85.80,100.00,55.83,Pasti Pas Good,"Izin Prinsip, APAB","NFR, Izin Prinsip, APAB"
2025-12-02,2025-12-01,44-55215,IV,2025,Jl. Am. Sangaji No. 14,Kota Yogyakarta,DODO,SBM Yogyakarta I Fuel,DAGE,DAGE,CERTIFIED,NOT CERTIFIED,89.99,91.33,100.00,89.02,89.00,58.93,Pasti Pas Good,,NFR
2025-12-02,2025-12-01,53-67148,V,2025,Rest Area 792B Ruas Tol Gempol Pasuruan,Kab Pasuruan,,SBM Malang I Fuel,DAE,DAE,CERTIFIED,CERTIFIED,90.22,88.67,96.17,92.00,95.00,68.38,Pasti Pas Excellent,,
2025-12-02,2025-12-01,34-13413,III,2025,Jl. Raya Cipinang Jaya Blok J 142 - 146,Kota Jakarta Timur,DODO,SBM Jabode I Fuel,DAGE,DAGE,CERTIFIED,NOT CERTIFIED,89.59,83.67,100.00,94.20,99.00,57.60,Pasti Pas Good,,NFR
2025-12-01,2025-12-01,74-95118,VII,2025,Jl.Piere Tendean Boulevard,Kodya Manado,DODO,SBM Sulutgo I Fuel,DAGE,DAGE,CERTIFIED,NOT CERTIFIED,90.41,93.33,100.00,91.73,92.00,48.50,Pasti Pas Good,,"NFR, Jalur Fast Track"
2025-12-02,2025-12-01,34-40244,III,2025,Jalan AH Nasution no.940,Kota Bandung,DODO,SBM Bandung I Fuel,DAGE,TAGE1,NOT CERTIFIED,NOT CERTIFIED,82.08,78.67,82.48,91.03,98.00,57.20,Pasti Pas Good,,NFR
2025-12-02,2025-12-01,44-57701,IV,2025,"Jl. Solo-Karanganyar, Papahan",Kab Karanganyar,DODO,SBM Yogyakarta IV Fuel,DAE,DAE,CERTIFIED,CERTIFIED,91.54,89.00,100.00,92.20,93.00,71.00,Pasti Pas Excellent,,
2025-12-02,2025-12-01,44-55208,IV,2025,Jl. Monjali No. 78 C,Kab Sleman,DODO,SBM Yogyakarta I Fuel,DAGE,DAGE,CERTIFIED,NOT CERTIFIED,92.59,96.67,100.00,89.40,95.00,62.10,Pasti Pas Good,,NFR
2025-12-02,2025-12-01,44-57225,IV,2025,"JL. Raya Sragen-Balong KM.11, Blimbing, Sambirejo",Kab Sragen,DODO,SBM Yogyakarta IV Fuel,DAGE,DAGE,CERTIFIED,NOT CERTIFIED,91.13,96.67,100.00,91.29,88.00,50.80,Pasti Pas Good,,"Jalur Fast Track, NFR"
2025-12-02,2025-12-01,44-52310,IV,2025,"Jl. Raya Sirangkang, Pemalang",Kab Pemalang,DODO,SBM Tegal II Fuel,DAGE,DAGE,CERTIFIED,NOT CERTIFIED,87.98,83.33,99.09,89.04,92.50,62.01,Pasti Pas Good,,NFR
2025-12-02,2025-12-01,44-52316,IV,2025,Jl Raya Moga,Kab Pemalang,DODO,SBM Tegal II Fuel,DAE,TAGE1,NOT CERTIFIED,NOT CERTIFIED,90.92,88.33,100.00,86.63,96.00,74.90,Pasti Pas Good,Grounding,Grounding
2025-12-02,2025-12-01,44-55522,IV,2025,Jl. Raya Cebongan KM 1.5 Ds. Karakan Sidomoyo,Kab Sleman,DODO,SBM Yogyakarta I Fuel,DAGE,DAGE,CERTIFIED,NOT CERTIFIED,90.49,91.67,100.00,93.19,93.00,50.60,Pasti Pas Good,,"Jalur Fast Track, NFR"
2025-12-01,2025-12-01,34-17504,III,2025,Jl. Raya Industri Pasir Gombong Cikarang Utara,Kab Bekasi,DODO,SBM Karawang I Fuel,DAE,DAE,CERTIFIED,CERTIFIED,93.14,96.67,100.00,89.42,92.00,70.63,Pasti Pas Excellent,,
2025-12-01,2025-12-01,74-90991,VII,2025,"Jl. Sawerigading, Sengkang",Kab Wajo,,SBM Sulselbar III Fuel,DAGE,DAGE,CERTIFIED,NOT CERTIFIED,87.83,80.00,100.00,89.78,97.00,61.68,Pasti Pas Good,,"Jalur Fast Track, NFR"
2025-12-02,2025-12-01,54-66221,V,2025,Jl. Mayor Sujadi Timur Plosokandang,Kab Tulungagung,,SBM Kediri II Fuel,DAE,DAE,CERTIFIED,CERTIFIED,88.2,87.67,89.37,90.00,100.00,71.00,Pasti Pas Excellent,,
2025-12-01,2025-12-01,34-17307,III,2025,Jl. Raya Serang Baru Cibarusah,Kab Bekasi,,SBM Karawang I Fuel,DAGE,DAGE,CERTIFIED,NOT CERTIFIED,91.29,96.67,98.47,91.98,93.00,50.63,Pasti Pas Good,,"NFR, Jalur Fast Track"
2025-12-02,2025-12-01,44-50218,IV,2025,Jl. Raya Semarang-Kendal Km 15 ,Kota Semarang,DODO,SBM Semarang I Fuel,DAGE,DAGE,CERTIFIED,NOT CERTIFIED,87.9,81.00,100.00,91.60,88.00,64.90,Pasti Pas Good,,NFR
2025-12-01,2025-12-01,54-60194,V,2025,Jl. Margomulyo No.33,Kota Surabaya,,SBM Surabaya I Fuel,DAE,DAE,CERTIFIED,CERTIFIED,93.5,96.67,100.00,89.41,99.00,67.10,Pasti Pas Excellent,,
2025-12-02,2025-12-01,44-53108,IV,2025,Jl. Yos Sudarso no. 32 Kalibogor,Kab Banyumas,DODO,SBM Tegal III Fuel,DAGE,DAGE,CERTIFIED,NOT CERTIFIED,90.18,88.67,100.00,91.08,85.00,67.90,Pasti Pas Good,,"NFR, Jalur Fast Track"
2025-12-01,2025-12-01,34-13406,III,2025,Jl. Bintara Jaya Raya Pondok Kopi,Kota Jakarta Timur,DODO,SBM Jabode I Fuel,DAGE,DAGE,CERTIFIED,NOT CERTIFIED,84.82,80.00,95.74,91.70,92.00,45.71,Pasti Pas Good,,"NFR, Jalur Fast Track, Produk JBU"
2025-12-02,2025-12-01,44-51329,IV,2025,"Jl. Limbangan Krajan Kaligading, Boja",Kab Kendal,DODO,SBM Semarang II Fuel,DAGE,DAGE,CERTIFIED,NOT CERTIFIED,85.97,80.00,99.04,88.16,98.00,48.30,Pasti Pas Good,,"NFR, Jalur Fast Track"
2025-12-02,2025-12-01,44-50217,IV,2025,"Jl. Raya Semarang-Boja, Jatisari Mijen",Kota Semarang,DODO,SBM Semarang I Fuel,DAGE,DAGE,CERTIFIED,NOT CERTIFIED,86.7,81.67,99.04,90.91,81.00,62.10,Pasti Pas Good,,"NFR, Jalur Fast Track"
2025-12-02,2025-12-01,44-58202,IV,2025,"Jl. Blora -Cepu Km 22 , Bangkle",Kab Blora,DODO,SBM Semarang IV Fuel,DAGE,DAGE,CERTIFIED,NOT CERTIFIED,87.06,80.67,99.09,90.29,91.50,59.20,Pasti Pas Good,,NFR
2025-12-01,2025-12-01,34-40529,III,2025,Jl raya rajamandala,Kab Bandung Barat,DODO,SBM Bandung II Fuel,DAGE,DAGE,CERTIFIED,NOT CERTIFIED,88.79,84.33,100.00,88.80,97.50,59.90,Pasti Pas Good,,NFR
2025-12-01,2025-12-01,34-16408,III,2025,JL  Citayem Depok,Kota Depok,,SBM Jabode III Fuel,DAE,DAE,CERTIFIED,CERTIFIED,88.39,85.00,100.00,92.09,82.00,62.73,Pasti Pas Excellent,,
2025-12-02,2025-12-01,34-15814,III,2025,Jl. Bulevard Perum Gading Serpong Pakulonan Barat Kelapa Dua,Kab Tangerang,DODO,SBM Banten I Fuel,DAE,DAE,CERTIFIED,CERTIFIED,89.47,91.26,95.21,88.73,85.00,70.78,Pasti Pas Excellent,,
2025-12-01,2025-12-01,64-74306,VI,2025,"Jl. Tjilik Riwut Km 18, Kotabesi, Sampit",Kab KotawaringinTim,DODO,SBM Kalteng II Fuel,DAGE,DAGE,CERTIFIED,NOT CERTIFIED,87.14,83.67,100.00,92.08,89.00,47.16,Pasti Pas Good,,"NFR, Jalur Fast Track"
2025-12-01,2025-12-01,34-46212,III,2025,Jl. Iwa Kusuma Sumantri,Kab Ciamis,DODO,SBM Bandung IV Fuel,DAGE,DAGE,CERTIFIED,NOT CERTIFIED,84.64,80.00,98.30,85.23,87.00,54.16,Pasti Pas Good,,"NFR, Produk JBU"
2025-12-01,2025-12-01,54-67145,V,2025,Jl. Soekarno Hatta No. 39 Kota Pasuruan,Kota Pasuruan,,SBM Malang I Fuel,DAE,DAE,CERTIFIED,CERTIFIED,91.2,91.67,100.00,86.94,87.50,75.58,Pasti Pas Excellent,,
2025-12-01,2025-12-01,34-15322,III,2025,JL RAYA VIKTOR - BSD KP. SETU 02/01 BUARAN SERPONG,Kota Tangerang Sel.,DODO,SBM Banten I Fuel,DAE,DAE,CERTIFIED,CERTIFIED,93.36,91.33,100.00,92.63,100.00,74.10,Pasti Pas Excellent,,
2025-12-02,2025-12-01,44-59507,IV,2025,Jl. Kudus - Demak Wonoketingal,Kab Demak,DODO,SBM Semarang III Fuel,DAE,DAE,CERTIFIED,CERTIFIED,86.99,90.67,85.43,85.82,99.00,70.73,Pasti Pas Excellent,,
2025-12-01,2025-12-01,31-40601,III,2025,"Jl. Soekarno Hatta No. 728, Bandung",Kota Bandung,,SBM Bandung I Fuel,DAE,TAGE1,NOT CERTIFIED,NOT CERTIFIED,84.18,88.33,74.94,89.15,99.00,74.70,Pasti Pas Good,,
2025-12-02,2025-12-01,21-30101,II,2025,Jl. AKBP Cek Agus,Kota Palembang,COCO,SBM Sumsel I Fuel,DAE,DAE,CERTIFIED,CERTIFIED,92.04,92.67,100.00,91.24,97.00,63.00,Pasti Pas Excellent,,
2025-12-01,2025-12-01,34-46103,III,2025,Jl RE Marthadinata No. 222 Kota Tasikmalaya,Kota Tasikmalaya,DODO,SBM Bandung IV Fuel,DAE,TAGE1,NOT CERTIFIED,NOT CERTIFIED,67.53,62.67,57.83,84.11,87.00,58.58,Pasti Pas Good,,
2025-12-01,2025-12-01,34-13209,III,2025,Jl. Pemuda No.40-41 Rawamangun,Kota Jakarta Timur,DODO,SBM Jabode I Fuel,DAE,DAE,CERTIFIED,CERTIFIED,91.19,85.00,100.00,93.86,99.00,70.10,Pasti Pas Excellent,,
2025-12-02,2025-12-01,44-51115,IV,2025,"Jl. Hos Cokroaminoto, Ds. Kuripan",Kota Pekalongan,DODO,SBM Tegal II Fuel,DAGE,TAGE1,NOT CERTIFIED,NOT CERTIFIED,81.61,66.00,99.04,82.16,96.50,60.21,Pasti Pas Good,,NFR
2025-12-01,2025-12-01,34-17510,III,2025,Jl. MH.Tamrin no.20 Lippo Cikarang,Kab Bekasi,DODO,SBM Karawang I Fuel,DAGE,DAGE,CERTIFIED,NOT CERTIFIED,92.47,95.33,100.00,92.17,97.00,57.33,Pasti Pas Good,,"Jalur Fast Track, NFR"
2025-12-01,2025-12-01,24-37240,II,2025,Jl.Jambi Bungo Sei Bengkal Kab.Tebo,Kab Tebo,DODO,SBM Jambi II Fuel,DAGE,DAGE,CERTIFIED,NOT CERTIFIED,86.76,90.67,100.00,91.25,73.00,40.10,Pasti Pas Good,,"Jalur Fast Track, NFR"
2025-12-01,2025-12-01,34-11612,III,2025,Jl. Raya Kembang Kerep Meruya Ilir,Kota Jakarta Barat,DODO,SBM Jabode II Fuel,DAE,DAE,CERTIFIED,CERTIFIED,90.1,86.33,96.35,94.78,99.00,64.30,Pasti Pas Excellent,,
2025-12-01,2025-12-01,54-66230,V,2025,"Jl. Yos Sudarso, Kec. Tulungagung",Kab Tulungagung,DODO,SBM Kediri II Fuel,DAE,DAE,CERTIFIED,CERTIFIED,91,87.67,100.00,86.48,100.00,74.00,Pasti Pas Excellent,,
2025-12-01,2025-12-01,34-17112,III,2010,"Jl. Raya Pd. Ungu Permai, RT.003/RW.006, Kaliabang Tengah, Kec. Bekasi Utara",Kota Bekasi,DODO,SBM Karawang I Fuel,DAGE,DAGE,CERTIFIED,NOT CERTIFIED,90.95,90.67,100.00,91.40,93.00,61.68,Pasti Pas Good,,"NFR, Jalur Fast Track"
2025-12-02,2025-12-01,41-55201,IV,2025,Jl. Laksda Adisucipto Km.06,Kab Sleman,CODO I,SBM Yogyakarta I Fuel,DAE,DAE,CERTIFIED,CERTIFIED,95.88,96.67,99.09,93.00,100.00,85.50,Pasti Pas Excellent,,
2025-12-02,2025-12-01,44-52317,IV,2025,Jl Raya Belik Kab Pemalang ,Kab Pemalang,DODO,SBM Tegal II Fuel,DAE,DAE,CERTIFIED,CERTIFIED,90.58,89.33,95.44,85.27,100.00,80.90,Pasti Pas Excellent,,
2025-12-01,2025-12-01,54-60175,V,2025,"Jl. Tanjungsari No. 2, Surabaya",Kota Surabaya,DODO,SBM Surabaya I Fuel,DAGE,DAGE,CERTIFIED,NOT CERTIFIED,81.43,81.00,89.46,85.10,80.00,52.50,Pasti Pas Good,,"Jalur Fast Track, NFR"
2025-12-02,2025-12-01,44-55519,IV,2025,"Jl. Magelang Km. 7,5",Kab Sleman,DODO,SBM Yogyakarta I Fuel,DAGE,DAGE,CERTIFIED,NOT CERTIFIED,86.12,90.67,85.43,88.39,95.00,61.23,Pasti Pas Good,,NFR
2025-12-01,2025-12-01,64-75128,VI,2025,"Jl. Ir. H Juanda, Kec. Samarinda Ulu, Kel. Air Hitam",Kota Samarinda,DODO,SBM Kaltimut II Fuel,DAE,DAE,CERTIFIED,CERTIFIED,94.24,91.33,100.00,93.33,98.00,83.60,Pasti Pas Excellent,,
2025-12-01,2025-12-01,34-15807,III,2025,"Jl. Raya Gading Niaga, Serpong",Kab Tangerang,,SBM Banten I Fuel,DAE,TAGE1,NOT CERTIFIED,NOT CERTIFIED,79.47,91.26,60.66,88.51,100.00,59.80,Pasti Pas Good,,
2025-12-01,2025-12-01,34-17547,III,2025,"Jl. Raya Serang, Kec. Cikarang Selatan",Kab Bekasi,,SBM Karawang I Fuel,DAGE,TAGE1,NOT CERTIFIED,NOT CERTIFIED,58.9,71.00,22.31,88.09,96.50,36.23,Pasti Pas Good,"PELUMAS, Salam","PELUMAS, NFR, Salam"
2025-12-01,2025-12-01,34-41321,III,2025,"Jl.Raya Cilamaya,Kec.Cilamaya Wetan",Kab Karawang,DODO,SBM Karawang II Fuel,DAGE,DAGE,CERTIFIED,NOT CERTIFIED,88.93,87.33,100.00,91.00,97.00,48.33,Pasti Pas Good,,"Jalur Fast Track, NFR"
2025-12-02,2025-12-01,44-57218,IV,2025,Jl. Raya Sragen Ngawi Km.12,Kab Sragen,DODO,SBM Yogyakarta IV Fuel,DAGE,DAGE,CERTIFIED,NOT CERTIFIED,91.32,91.33,100.00,93.29,91.00,61.70,Pasti Pas Good,,"Jalur Fast Track, NFR"
2025-12-02,2025-12-01,41-55101,IV,2025,"Jl. Kompol Bambang Suprapto No.34, Baciro Lempuyangan",Kota Yogyakarta,COCO,SBM Yogyakarta I Fuel,DAE,DAGE,CERTIFIED,NOT CERTIFIED,89.04,80.00,95.21,92.33,100.00,80.20,Pasti Pas Good,,
2025-12-01,2025-12-01,44-50105,IV,2025,"Jl.Raya Mangkang km.16,5",Kota Semarang,DODO,SBM Semarang I Fuel,DAG3,TAG1,NOT CERTIFIED,NOT CERTIFIED,77.04,78.67,77.77,81.88,87.00,50.40,Pasti Pas Good,Izin Prinsip,"NFR, Izin Prinsip"
2025-12-01,2025-12-01,44-58209,IV,2025,Jl. Raya Blora Randublatung RT 03/0,Kab Blora,DODO,SBM Semarang IV Fuel,DAGE,DAGE,CERTIFIED,NOT CERTIFIED,86.96,82.33,100.00,91.03,84.00,56.31,Pasti Pas Good,,NFR
2025-12-01,2025-12-01,64-74312,VI,2025,Jln.Tjilik Riwut Km.8 Kec.Baamang Hulu,Kab KotawaringinTim,DODO,SBM Kalteng II Fuel,DAGE,DAGE,CERTIFIED,NOT CERTIFIED,87.94,83.67,100.00,94.10,93.00,47.16,Pasti Pas Good,,"Jalur Fast Track, NFR"
2025-12-01,2025-12-01,74-95119,VII,2025,Jl. Martadinata No. 74 Paal 2,Kota Manado,,SBM Sulutgo I Fuel,DAGE,DAGE,CERTIFIED,NOT CERTIFIED,89.85,92.67,100.00,90.69,92.00,47.20,Pasti Pas Good,,"NFR, Jalur Fast Track"
2025-12-01,2025-12-01,44-51307,IV,2025,Jl. Raya Brangsong,Kab Kendal,DODO,SBM Semarang II Fuel,DAGE,DAGE,CERTIFIED,NOT CERTIFIED,87.11,80.33,99.04,88.55,85.00,70.90,Pasti Pas Good,,
2025-12-02,2025-12-01,44-57128,IV,2025,Jl. Kentingan No.1 Jebres,Kota Surakarta,DODO,SBM Yogyakarta III Fuel,DAE,DAE,CERTIFIED,CERTIFIED,91.49,92.67,88.67,91.45,100.00,88.00,Pasti Pas Excellent,,
2025-12-01,2025-12-01,34-40514,III,2025,Jl. Raya Cipatat KM. 33,Kab Bandung Barat,,SBM Bandung II Fuel,DAE,DAE,CERTIFIED,CERTIFIED,86.76,85.00,92.70,85.50,89.00,74.58,Pasti Pas Excellent,,
2025-12-01,2025-12-01,44-50233,IV,2025,"Jl. Untung Suropati Kedungpane, Semarang ",Kota Semarang,DODO,SBM Semarang I Fuel,DAGE,DAGE,CERTIFIED,NOT CERTIFIED,87.31,82.33,100.00,92.45,93.00,48.10,Pasti Pas Good,,"NFR, Jalur Fast Track"
2025-12-01,2025-12-01,54-67125,V,2025,Jl. Raya Ngopak Grati Pasuruan,Kab Pasuruan,,SBM Malang I Fuel,DAGE,TAGE1,NOT CERTIFIED,NOT CERTIFIED,83.65,94.00,80.83,90.24,87.50,43.78,Pasti Pas Good,,NFR
2025-12-01,2025-12-01,71-96101,VII,2025,"Jl. Sultan Botutihe, Kel. Dembe II, Kec. Kota Utara",Kota Gorontalo,CODO I,SBM Sulutgo III Fuel,DAG2,DAG3,CERTIFIED,NOT CERTIFIED,92.13,96.67,100.00,94.19,93.00,50.00,Pasti Pas Good,,"Jalur Fast Track, NFR"
2025-12-01,2025-12-01,34-15425,III,2025,Jl. Tol Arah Serpong Km 7+200,Kota Tangerang Sel.,DODO,SBM Banten I Fuel,DAGE,DAGE,CERTIFIED,NOT CERTIFIED,93.24,92.67,100.00,92.02,100.00,70.18,Pasti Pas Good,,NFR