send_date,Audit Date,spbu_no,region,year,address,city_name,tipe_spbu,rayon,audit_level,audit_next,result,Total Score,SSS,EQnQ,RFS,kelas_spbu,penalty_alerts
2025-12-27,2025-12-27,34-16827,III,2025,JL TRANSYOGI DESA TANJUNGRASA,Kab Bogor,,SBM Jabode V Fuel,BOA1,BOA2,NOT CERTIFIED,88.45,76.33,98.54,89.73,Basic,Masa Berlaku APAR
2025-12-27,2025-12-27,34-16613,III,2025,"JL.RY CIBATOK II, CIBUNGBULANG",Kab Bogor,,SBM Jabode V Fuel,BOA1,BOA2,NOT CERTIFIED,78.72,66.67,94.68,75.49,Basic,Izin Prinsip
2025-12-27,2025-12-27,84-98103,VIII,2025,Jl. Sriwijaya Ridge II Kab Biak,Kab. Biak Numfor,DODO,SBM Papua II,BOA1,CA,CERTIFIED,97.4,96.33,100.00,96.25,Basic,
2025-12-27,2025-12-27,34-16922,III,2025,"Jl.Raya Pasir Jambu Sukaraja, KABUPATEN BOGOR",Kabupaten Bogor,,SBM Jabode V Fuel,BOA1,BOA2,NOT CERTIFIED,85.76,84.67,90.32,83.17,Basic,DU Dispenser
2025-12-27,2025-12-27,34-16823,III,2025,JL.RY CIJAYANTI KP. PASIR MAUNG,Kab Bogor,,SBM Jabode V Fuel,BOA1,BOA2,NOT CERTIFIED,80.44,66.67,97.23,77.91,Basic,"Pelumas, Masa Berlaku APAR"
2025-12-27,2025-12-27,34-16905,III,2025,"JL.TOL JAGORAWI STA 23,8 ARAH BOGOR",Kab Bogor,,SBM Jabode V Fuel,BOA1,BOA2,NOT CERTIFIED,68.57,50.67,96.17,61.09,Basic,"Izin Prinsip, Pelumas, APAR, Masa Berlaku APAR"
2025-12-27,2025-12-24,33-16102,III,2025,KOMP. PERUM BOGOR NIRWANA BLOK PN-6,Kota Bogor,,SBM Jabode IV Fuel,BOA1,CA,CERTIFIED,91.19,84.00,100.00,90.11,Basic,
2025-12-27,2025-12-24,34-16606,III,2025,JL Raya Kapten Yusuf Rt 003 Rw 005 Kota Batu Ciomas Bogor Jawa Barat,Kabupaten Bogor,,SBM Jabode V Fuel,BOA1,BOA2,NOT CERTIFIED,87.16,79.67,86.67,92.96,Basic,"Masa Berlaku APAR, Izin Prinsip"
2025-12-24,2025-12-24,34-16940,III,2025,"JL.RY BOJONG NANGKA, GUNUNG PUTRI",Kab Bogor,,SBM Jabode V Fuel,BOA1,BOA2,NOT CERTIFIED,50.47,64.00,6.39,72.83,Basic,"APAB, Pelumas, Izin Prinsip, DU Dispenser"
2025-12-24,2025-12-24,74-90504,VII,2025,"Jalan Poros Makassar-Maros Desa Marumpa, Kecamatan Marusu, Kabupaten Maros Provinsi Sulawesi Selatan",Kab. Maros,,SBM Sulselbar I Fuel,BOA1,BOA2,NOT CERTIFIED,70.71,71.67,70.01,70.50,Basic,"APAR, Izin Prinsip, Masa Berlaku APAR"
2025-12-26,2025-12-24,64-77102,VI,2025,"JL. KUSUMA BANGSA KEL.GUNUNG LINGKAS, KOTA TARAKAN",KOTA TARAKAN,,SBM Kaltimut V Fuel,BOA1,CA,CERTIFIED,88.57,81.00,90.92,92.56,Basic,
2025-12-26,2025-12-24,14-2856118,I,2025,"Jl. Hasahatan, Rambah Baru, Rambah Samo, Rokan Hulu",Kab.Rokan Hulu,DODO,SBM Riau II Fuel,BOA1,BOA2,NOT CERTIFIED,85.5,84.00,98.99,76.63,Basic,
2025-12-24,2025-12-24,34-16719,III,2025,JL. VETERAN III CIBEDUG-BANJARSARI,Kab Bogor,,SBM Jabode V Fuel,BOA1,BOA2,NOT CERTIFIED,71.68,56.67,81.90,74.87,Basic,"Izin Prinsip, APAR, APAB, Pelumas"
2025-12-24,2025-12-24,34-41130,III,2025,JL. RAYA CILULUMPANG DS. CITAMIANG,Kab Purwakarta,,SBM Karawang III Fuel,BOA1,BOA2,NOT CERTIFIED,87.59,80.67,94.04,88.13,Basic,"Pelumas, Izin Prinsip"
2025-12-24,2025-12-24,34-16939,III,2025,JL. RAYA KARANGGAN RT.02/06,Kodya Bogor,,SBM Jabode IV Fuel,BOA1,CA,CERTIFIED,93.13,92.00,100.00,88.82,Basic,
2025-12-24,2025-12-24,74-95709,VII,2025,"Desa Sogua, Kab. Bolmong Selatan",Kab. Bolmong Selatan,,SBM Sulutgo II Fuel,BOA1,BOA2,NOT CERTIFIED,59.87,49.00,68.76,60.96,Basic,"APAB, Produk JBU, Izin Prinsip, APAR, Pelumas, Nol"
2025-12-24,2025-12-24,34-16615,III,2025,jl raya cikampak kecamatan ciampea udik bogor,Kabupaten Bogor,,SBM Jabode V Fuel,BOA1,BOA2,NOT CERTIFIED,45.99,60.67,21.11,53.11,Basic,"Grounding, Izin Prinsip, Pelumas, APAB, Masa Berlaku APAR"
2025-12-24,2025-12-24,74-90977,VII,2025,Jalan Pahlawan Kelurahan Pattirosompe Kecamatan Tempe,Kab. Wajo,,SBM Sulselbar III Fuel,BOA1,BOA2,NOT CERTIFIED,63.49,88.00,67.18,42.23,Basic,"CCTV, Izin Prinsip, APAR, Pelumas, Masa Berlaku APAR, Grounding"
2025-12-24,2025-12-24,34-16803,III,2025,"Jl.Raya Mayor Oking, KABUPATEN BOGOR",Kabupaten Bogor,,SBM Jabode V Fuel,BOA1,BOA2,NOT CERTIFIED,82.75,83.67,91.67,74.99,Basic,"Izin Prinsip, APAR"
2025-12-24,2025-12-24,34-41358,III,2025,JL. RY DS. GEMPOL KULON CILAMAYA,Kab Karawang,,SBM Karawang II Fuel,BOA1,BOA2,NOT CERTIFIED,66.98,53.33,92.97,57.39,Basic,"Izin Prinsip, Masa Berlaku APAR, APAR, APAB"
2025-12-24,2025-12-24,74-91903,VII,2025,"Larompong, Kab. Luwu",Kab. Luwu,,SBM Sulselbar IV Fuel,BOA1,BOA2,NOT CERTIFIED,74.64,83.00,83.04,61.70,Basic,"APAR, Masa Berlaku APAR, Pelumas, Izin Prinsip"
2025-12-24,2025-12-24,84-99902,VIII,2025,Jl. Yos Sudarso no 10 timika,Kab Mimika,,SBM Papua Tengah II,BOA1,CA,CERTIFIED,96.07,95.33,100.00,93.63,Basic,
2025-12-24,2025-12-24,74-90627,VII,2025,"Jl. Prs Makassar-Parepare KM. 43, Kab. Pangkep",Kab. Pangkep,,SBM Sulselbar I Fuel,BOA1,BOA2,NOT CERTIFIED,34.94,21.67,20.47,55.20,Basic,"Trims, Masa Berlaku APAR, Nol, Salam, CCTV, Izin Prinsip, APAR, Pelumas"
2025-12-26,2025-12-24,64-77101,VI,2025,"JL. MULAWARMAN, KOTA TARAKAN",KOTA TARAKAN,,SBM Kaltimut V Fuel,BOA1,CA,CERTIFIED,85.38,81.67,86.28,87.20,Basic,
2025-12-26,2025-12-24,63-74302,VI,2025,"JL. IR. H. JUANDA RT.002 RW.001, DE",Kab KotawaringinTim,,SBM Kalteng II Fuel,BOA1,CA,CERTIFIED,90.08,81.67,98.47,89.86,Basic,
2025-12-23,2025-12-23,34-16616,III,2025,,Kodya Bogor,,SBM Jabode IV Fuel,BOA1,BOA2,NOT CERTIFIED,65.17,55.67,69.13,68.29,Basic,"APAR, Pelumas, Izin Prinsip, APAB"
2025-12-23,2025-12-23,34-16612,III,2025,JL.ACE TABRANI KP. PASIR GINTUNG,Kab Bogor,,SBM Jabode V Fuel,BOA1,BOA2,NOT CERTIFIED,73.22,64.00,79.49,74.58,Basic,"Pelumas, Izin Prinsip, APAR, Grounding"
2025-12-24,2025-12-23,14-288671,I,2025, Jl. Tuanku Tambusan Perwira Dumai,Kota Dumai,DODO,SBM Riau II Fuel,BOA1,BOA2,NOT CERTIFIED,82.96,72.00,77.61,95.38,Basic,Pelumas
2025-12-24,2025-12-23,84-99904,VIII,2025,Jl pendidikan kel. koperapoka,Kab Mimika,,SBM Papua Tengah II,BOA1,CA,CERTIFIED,96.17,94.33,100.00,94.43,Basic,
2025-12-25,2025-12-23,44-50133,IV,2025,"Jl. Untung Suropati Kav. 173, Kalipancur, Ngaliyan, KOTA SEMARANG",Semarang Kota,,SBM Semarang I Fuel,BOA1,BOA2,NOT CERTIFIED,71.31,75.33,50.17,84.21,Basic,
2025-12-24,2025-12-23,84-97802,VIII,2025,JL. TRANS HALMAHERA KAMPUNG BARU,KAB.HALMAHERA TIMUR,DODO,SBM Maluku Utara II,BOA2,KSO,NOT CERTIFIED,79.32,83.00,65.63,86.82,,DU Dispenser
2025-12-23,2025-12-23,74-95315,VII,2025,"Jl. Trans Sulawesi-Amurang, Kab. Minahasa Selatan",Kab. Minahasa Sel,,SBM Sulutgo II Fuel,BOA1,BOA2,NOT CERTIFIED,55.47,47.33,67.32,51.80,Basic,"APAB, APAR, Masa Berlaku APAR, Izin Prinsip, CCTV"
2025-12-23,2025-12-23,54-63419,V,2025,Jl. Batoro Katong Ds. Patihan,Kab. Ponorogo,DODO,SBM Kediri III Fuel,BOA1,CA,CERTIFIED,90.98,82.33,98.99,91.72,Basic,
2025-12-24,2025-12-23,74-90902,VII,2025,"Jl. Prs. Sengkang Palopo, Kab. Wajo",Kab. Wajo,,SBM Sulselbar III Fuel,BOA1,BOA2,NOT CERTIFIED,68.28,78.00,70.62,59.14,Basic,"APAR, CCTV, APAB, Izin Prinsip, Masa Berlaku APAR, Pelumas"
2025-12-24,2025-12-23,13-294703,I,2025,"Jalan Letjen Suprapto , Kel.Sei Raya Kec.Meral Kab.karimun",Kota Batam,,SBM Kepulauan Riau I Fuel,BOA1,BOA2,NOT CERTIFIED,88.25,80.67,95.53,88.63,Basic,Pelumas
2025-12-23,2025-12-23,14-288614,I,2025,"JEND. SUDIRMAN, DUMAI TIMUR",Kota Dumai,DODO,SBM Riau II Fuel,BOA1,BOA2,NOT CERTIFIED,87.27,84.33,88.31,88.01,Basic,"Pelumas, Izin Prinsip"
2025-12-25,2025-12-23,44-50235,IV,2025,"KAWASAN KOMERSIAL BLOK A1 NO.3,BSB,Kota Semarang Jawa Tengah",Kota Semarang,,SBM Semarang I Fuel,BOA1,BOA2,NOT CERTIFIED,92.1,87.00,96.97,91.87,Basic,Izin Prinsip
2025-12-23,2025-12-23,84-99903,VIII,2025,Jl. Hasanudin,Kab Mimika,DODO,SBM Papua Tengah II,BOA1,CA,CERTIFIED,97.99,95.33,100.00,98.11,Basic,
2025-12-23,2025-12-22,34-16618,III,2025,"JL. RAYA LINGKAR DRAMAGA, DS. BABAK",Kab Bogor,,SBM Jabode V Fuel,BOA1,BOA2,NOT CERTIFIED,70.61,51.67,82.96,74.54,Basic,"APAR, Pelumas, Izin Prinsip"
2025-12-23,2025-12-22,34-16821,III,2025,"Jl.Raya Babakan Madang, Sentul, Bogor, KABUPATEN BOGOR",Kabupaten Bogor,,SBM Jabode V Fuel,BOA1,BOA2,NOT CERTIFIED,85.54,84.67,92.33,81.14,Basic,"DU Dispenser, APAR"
2025-12-24,2025-12-22,34-41308,III,2025, JL.RY KARAWANG KM 61,Kab Karawang,,SBM Karawang II Fuel,BOA1,CA,CERTIFIED,93.77,85.00,98.94,96.14,Basic,
2025-12-24,2025-12-22,74-90881,VII,2025,"Cabenge, Kab. Soppeng",Kab. Soppeng,,SBM Sulselbar III Fuel,BOA1,BOA2,NOT CERTIFIED,75.07,71.67,74.89,78.06,Basic,"Pelumas, Masa Berlaku APAR"
2025-12-23,2025-12-22,63-70603,VI,2025,"Jl. Guntung Alaban, Gg Purnama Martapura",KAB. BANJAR,,SBM Kalsel I Fuel,BOA1,BOA2,NOT CERTIFIED,49.55,52.33,49.92,47.18,Basic,"APAB, Izin Prinsip, Produk JBU, CCTV, DU Dispenser, Masa Berlaku APAR, APAR, Pelumas"
2025-12-22,2025-12-22,64-74702,VI,2025,"JL.POROS UTAMA RT 03 RW 01,DESA LUP",Kab Sukamara,,SBM Kalteng II Fuel,BOA1,CA,CERTIFIED,87.51,80.67,93.34,88.08,Basic,
2025-12-24,2025-12-22,54-84307,V,2025,"DESA PLAMPANG KEC. PLAMPANG, Kab. Sumbawa",Kab. Sumbawa,,SBM NTB II Fuel,BOA1,BOA2,NOT CERTIFIED,44.14,16.67,45.86,63.17,Basic,"Salam, APAR, Masa Berlaku APAR, Nol, Pelumas, Izin Prinsip, Trims"
2025-12-24,2025-12-22,74-91511,VII,2025,"JL. TRANS SULAWESI, DESA KASANO,KEC",Kab Pasangkayu,,SBM Sulselbar V Fuel,BOA1,BOA2,NOT CERTIFIED,34.63,22.67,23.70,51.42,Basic,"APAB, Salam, Masa Berlaku APAR, Trims, Nol, CCTV, Pelumas, APAR"
2025-12-24,2025-12-22,54-61410,V,2010,"Tanggungan, Glagahan, Kec. Perak",Kabupaten Jombang,V,SBM Surabaya II Fuel,BOA1,BOA2,NOT CERTIFIED,70.06,64.00,85.62,62.90,Basic,"Pelumas, Masa Berlaku APAR, APAR"
2025-12-23,2025-12-22,64-70704,VII,2025,"JL. LINGKAR SELATAN KM.20, KOTA BANJAR BARU",KOTA BANJAR BARU,,SBM Sultra III Fuel,BOA1,BOA2,NOT CERTIFIED,49.91,44.67,64.64,42.85,Basic,"Masa Berlaku APAR, APAR, Grounding, Izin Prinsip, APAB, Pelumas, CCTV"
2025-12-24,2025-12-22,54-84302,V,2025,"JL. RAYA - DS. KARANG DIMA, Kab. Sumbawa",Kab. Sumbawa,,SBM NTB II Fuel,BOA1,BOA2,NOT CERTIFIED,54.87,31.00,83.81,50.99,Basic,"Salam, APAR, CCTV, Grounding, Trims, Masa Berlaku APAR, APAB"
2025-12-24,2025-12-22,74-91505,VII,2025,JL. TRANS SULAWESI - PALU,Kab Pasangkayu,,SBM Sulselbar V Fuel,BOA1,BOA2,NOT CERTIFIED,50.74,88.33,18.55,46.10,Basic,"Izin Prinsip, APAR, Grounding, Masa Berlaku APAR, APAB, Pelumas, CCTV"
2025-12-23,2025-12-20,74-95705,VII,2025,"Desa Kosio , Kab. Bolmong",Kab. Bolmong Induk,,SBM Sulutgo II Fuel,BOA1,CA,CERTIFIED,92.62,84.67,99.04,93.57,Basic,
2025-12-23,2025-12-20,11-291702,I,2025,"Jl. Datuk Kaya Wan Moh. Benteng, Ranai Kota, Bunguran Timur, Natuna",Kab. Natuna,,SBM Kepulauan Riau II Fuel,BOA1,BOA2,NOT CERTIFIED,94.44,88.00,100.00,94.40,Basic,Produk JBU
2025-12-24,2025-12-20,74-91901,VII,2025,"Ds. Walenrang Kec. Walenrang, Kab. Luwu",Kab. Luwu,,SBM Sulselbar IV Fuel,BOA1,BOA2,NOT CERTIFIED,48.28,40.67,61.54,43.68,Basic,"Izin Prinsip, APAR, Salam, APAB, Masa Berlaku APAR, Trims, Pelumas"
2025-12-24,2025-12-20,74-91502,VII,2025,JL. POROS MAMUJU DS. KAROSSA,Kab Mamuju Tengah,,SBM Sulselbar V Fuel,BOA1,BOA2,NOT CERTIFIED,44.39,19.67,57.84,51.97,Basic,"Masa Berlaku APAR, Trims, Salam, Izin Prinsip, APAR, Pelumas, CCTV, Nol, APAB"
2025-12-22,2025-12-20,34-16801,III,2025,JL.RY G.PUTRI.CITEUREUP,Kab Bogor,,SBM Jabode V Fuel,BOA1,BOA2,NOT CERTIFIED,69.94,50.67,73.17,81.76,Basic,"Nol, Pelumas"
2025-12-22,2025-12-20,64-70602,VI,2025,"JL. KM 14 GAMBUT, KAB. BANJAR",KAB. BANJAR,,SBM Kalsel I Fuel,BOA1,BOA2,NOT CERTIFIED,57.79,51.33,66.56,56.04,Basic,"Izin Prinsip, CCTV, APAB, Pelumas, Masa Berlaku APAR, APAR"
2025-12-22,2025-12-20,54-68133,V,2025,"DESA KLATAKAN KEC. TANGGUL, Kab. Jember",Kab. Jember,,SBM Malang II Fuel,BOA1,CA,CERTIFIED,88.65,85.67,87.54,91.76,Basic,
2025-12-24,2025-12-20,53-84311,V,2025,JL NEGARA LINTAS SUMBAWA -TANO KM. 48 DS STOWEBRANG KEC. UTAN,Kab. Sumbawa,,SBM NTB II Fuel,BOA1,BOA2,NOT CERTIFIED,43.01,25.00,47.82,52.69,Basic,"APAB, Masa Berlaku APAR, Salam, APAR, Nol, Pelumas, Trims, CCTV, Izin Prinsip"
2025-12-24,2025-12-20,73-90513,VII,2025,"Dusun Ongkoe, Kel.Tellumpoccoe kec.Marusu",Kab. Maros,,SBM Sulselbar I Fuel,BOA1,BOA2,NOT CERTIFIED,78.25,66.33,91.79,76.74,Basic,"Masa Berlaku APAR, Izin Prinsip"
2025-12-22,2025-12-20,64-75104,VI,2025,JL UNTUNG SUROPATI,Kota Samarinda,,SBM Kaltimut II Fuel,BOA1,BOA2,NOT CERTIFIED,60.3,61.00,79.62,45.28,Basic,"Izin Prinsip, Pelumas, APAR, APAB"
2025-12-24,2025-12-20,74-93702,VII,2025,"Desa Waara , Kab. Buton",Buton Tengah,,SBM Sultra I,BOA1,BOA2,NOT CERTIFIED,44.45,31.67,57.59,44.35,Basic,"Pelumas, Nol, APAB, Masa Berlaku APAR, APAR, Salam"
2025-12-22,2025-12-20,54-68107,V,2025,"Jl. Jaya Negara 44, DS.PECORO KEC.RAMBIPUJI, Kab. Jember",Kab. Jember,,SBM Malang II Fuel,BOA1,CA,CERTIFIED,90.15,80.67,100.00,89.88,Basic,
2025-12-24,2025-12-20,74-91508,VII,2025,Jl.Trans Mamuju -Palu Kel.Babana Kec.Budong-Budong Kab.Mamuju,Kodya Mamuju,,SBM Sulselbar V Fuel,BOA1,BOA2,NOT CERTIFIED,42.93,22.67,55.54,48.42,Basic,"CCTV, APAR, Salam, DU Dispenser, APAB, Nol, Izin Prinsip, Masa Berlaku APAR, Pelumas, Trims"
2025-12-22,2025-12-20,64-70502,VI,2025,"JL. TRANS KALIMANTAN KEC. ANJIR PAS, KAB. BARITO KUALA",KAB. BARITO KUALA,,SBM Kalsel I Fuel,BOA1,BOA2,NOT CERTIFIED,60.27,43.00,83.04,55.77,Basic,"APAR, Izin Prinsip, Pelumas, HP, Nol"
2025-12-24,2025-12-20,74-93601,VII,2025,"Jl. Jend. Sudirman Prs. Raha - Wamengkoli, Kab. Muna",Kab. Muna,,SBM Sultra I,BOA1,BOA2,NOT CERTIFIED,42.97,36.67,25.49,60.75,Basic,"APAR, Masa Berlaku APAR, Pelumas, Salam"
2025-12-24,2025-12-20,54-84304,V,2025,"JL. RY MALUK - BENETE MALUK, Kab. Sumbawa Barat",Kab. Sumbawa Barat,,SBM NTB II Fuel,BOA1,BOA2,NOT CERTIFIED,46.29,21.67,47.01,63.68,Basic,"Nol, Izin Prinsip, Trims, Masa Berlaku APAR, CCTV, Salam, APAR, Pelumas"
2025-12-20,2025-12-20,34-46133,III,2025,JL.RY.CIPATUJAH-PANGANDARAN,Kab Tasikmalaya,,SBM Bandung IV Fuel,BOA1,CA,CERTIFIED,90,83.00,100.00,87.75,Basic,
2025-12-24,2025-12-19,74-90246,VII,2025,"JL. PAJJAIANG (Depan RS. Otak dan Jantung Pertamina), Kel. Sudiang Raya, Kec. Biringkanaya",Kodya Makassar,,SBM Sulselbar I Fuel,BOA1,BOA2,NOT CERTIFIED,85.87,85.67,86.31,85.00,Basic,Izin Prinsip
2025-12-23,2025-12-19,24-31655,II,2025,"Jl. Lintas Sumatera Km.12, Lubuk Linggau",KOTA L. LINGGAU,,SBM Sumsel II Fuel,BOA1,BOA2,NOT CERTIFIED,70.25,79.33,54.77,74.41,Basic,"APAR, Izin Prinsip, Pelumas"
2025-12-24,2025-12-19,74-93703,VII,2025,"Jl. Beto Ambari, Kota Bau-Bau",Kodya Bau-Bau,,SBM Sultra I,BOA1,BOA2,NOT CERTIFIED,68.35,50.67,74.80,77.38,Basic,"Izin Prinsip, CCTV, Pelumas"
2025-12-23,2025-12-19,74-91806,VII,2025,Kel Ba'tan Kec Kessu Kab Toraja Utara,Kab. Toraja Utara,,SBM Sulselbar IV Fuel,BOA1,BOA2,NOT CERTIFIED,89.79,89.67,91.38,88.80,Basic,Izin Prinsip
2025-12-24,2025-12-19,74-91514,VII,2025,JL. POROS PALU KM. 16 DESA TADUI KE,Kab Mamuju,,SBM Sulselbar V Fuel,BOA1,BOA2,NOT CERTIFIED,41.1,25.00,34.17,57.71,Basic,"Izin Prinsip, APAR, Trims, Salam, Masa Berlaku APAR, Pelumas, Nol, Produk JBU"
2025-12-23,2025-12-19,34-41233,III,2025,KP. CITALUTUG RT.31 RW.06 KEL. SAGA,Kab Subang,,SBM Karawang III Fuel,BOA1,BOA2,NOT CERTIFIED,68.1,71.33,62.82,69.65,Basic,"Izin Prinsip, Pelumas, APAR"
2025-12-23,2025-12-19,34-41364,III,2025,JL. RAYA PANGKALAN LOJI KEL. CINTAL,Kab Karawang,,SBM Karawang II Fuel,BOA1,BOA2,NOT CERTIFIED,73.24,70.67,84.64,66.11,Basic,"Masa Berlaku APAR, Grounding, Izin Prinsip, Pelumas"
2025-12-22,2025-12-19,64-70610,VI,2025,"JL. SUNGAI TABUK KERAMAT KEC. SEI TABUK, KAB. BANJAR",KAB. BANJAR,,SBM Kalsel I Fuel,BOA1,BOA2,NOT CERTIFIED,41.41,37.67,47.39,39.73,Basic,"Pelumas, Grounding, Masa Berlaku APAR, APAB, Izin Prinsip, Nol, CCTV, APAR"
2025-12-23,2025-12-19,14-286670,I,2025,JL. SUTOMO DS. BENTENG HULU,Kab Siak,,SBM Riau I Fuel,BOA1,BOA2,NOT CERTIFIED,32.62,0.00,20.79,65.63,Basic,"HP, Pelumas, CCTV, Salam, Trims, Nol, Produk JBU"
2025-12-22,2025-12-19,54-67314,V,2025,"LOKASI DS.TUNJUNG KEC.RANDU AGUNG, Kab. Lumajang",Kab. Lumajang,,SBM Malang II Fuel,BOA1,CA,CERTIFIED,89.02,88.00,95.96,85.15,Basic,
2025-12-22,2025-12-19,64-78327,VI,2025,"JL. Arteri Supadio, Desa Arang Limbung",Kab Kubu Raya,,SBM Kalbar I Fuel,BOA1,BOA2,NOT CERTIFIED,80.64,71.33,82.96,85.86,Basic,"Masa Berlaku APAR, Izin Prinsip"
2025-12-20,2025-12-19,63-79101,VI,2025,JL. BAGAK SAHWA KEL. BAGAK SAHWA,Kota Singkawang,,SBM Kalbar I Fuel,BOA1,BOA2,NOT CERTIFIED,12.19,0.00,0.00,29.62,Basic,"Grounding, Nol, CCTV, APAR, Izin Prinsip, Produk JBU, Pelumas, DU Dispenser, Trims, HP, APAB, Salam, Masa Berlaku APAR"
2025-12-23,2025-12-19,74-95702,VII,2025,"Desa Tuyat, Kab. Bolmong",Kab. Bolmong Induk,,SBM Sulutgo II Fuel,BOA1,CA,CERTIFIED,95.21,94.67,99.04,92.53,Basic,
2025-12-23,2025-12-19,74-92210,VII,2025,"Desa/Kel. Palleko, Kec. Polombangkeng Utara, Kab. Takalar",Kab. Takalar,,SBM Sulselbar II Fuel,BOA1,BOA2,NOT CERTIFIED,68.48,57.33,65.93,78.75,Basic,"Izin Prinsip, Pelumas, HP, Masa Berlaku APAR"
2025-12-22,2025-12-19,64-70807,VI,2025,"JL. A. YANI KM.67 KEL.KARANG HALANG, KAB. TANAH LAUT",KAB. TANAH LAUT,,SBM Kalsel I Fuel,BOA1,BOA2,NOT CERTIFIED,28.61,6.67,31.10,42.76,Basic,"Nol, APAB, Salam, APAR, Masa Berlaku APAR, CCTV, HP, Trims, Grounding, Pelumas, Izin Prinsip"
2025-12-20,2025-12-19,34-16717,III,2025,Jl. Raya Sukabumi Ciherang Pondok Kab. Bogor,Kabupaten Bogor,,SBM Jabode V Fuel,BOA1,BOA2,NOT CERTIFIED,71.94,70.67,51.99,87.67,Basic,Grounding
2025-12-23,2025-12-19,74-91304,VII,2025,JL.POROS MAJENE-MAMUJU LINGK.KARANA,Kab Mamuju,,SBM Sulselbar V Fuel,BOA1,BOA2,NOT CERTIFIED,53.09,54.00,60.38,47.00,Basic,"CCTV, Izin Prinsip, APAB, DU Dispenser, Masa Berlaku APAR, APAR, Pelumas"
2025-12-23,2025-12-19,54-80143,V,2025,"JL. HANG TUAH 1A, Kodya Denpasar",Kodya Denpasar,,SBM Bali I Fuel,BOA1,CA,CERTIFIED,90.48,88.00,94.96,89.13,Basic,
2025-12-24,2025-12-18,24-36536,II,2025,Jl. Ds. Simpang Tuan Muara Sabak,Kab Tanjung Jab Tim,DODO,SBM Jambi I Fuel,BOA1,BOA2,NOT CERTIFIED,69.68,59.67,84.09,66.31,Basic,"APAB, APAR, Pelumas"
2025-12-23,2025-12-18,44-57407,IV,2025,"Jl. Alternatif Jatinom Boyolali Km. 1, Bonyokan, Jatinom",Kab Klaten,,SBM Yogyakarta III Fuel,BOA1,BOA2,NOT CERTIFIED,67.86,69.00,70.34,65.15,Basic,"APAR, Pelumas, Masa Berlaku APAR, Izin Prinsip"
2025-12-22,2025-12-18,74-91457,VII,2025,"Jl. Jend. Sudirman Prs-Majene, Kab. Majene",Kab. Majene,,SBM Sulselbar V Fuel,BOA1,BOA2,NOT CERTIFIED,47.17,47.33,50.37,44.83,Basic,"CCTV, Grounding, APAB, Pelumas, APAR"
2025-12-20,2025-12-18,54-64110,V,2025,"JL. SIMPANG TIGA  - KERTOSONO, Kab. Kediri",Kab. Kediri,,SBM Kediri I Fuel,BOA1,BOA2,NOT CERTIFIED,50.3,50.67,23.94,69.40,Basic,"APAR, APAB, HP, Izin Prinsip, Masa Berlaku APAR"
2025-12-19,2025-12-18,34-16828,III,2025,JALAN RAYA CILEUNGSI – JONGGOL KM 6,Kab Bogor,,SBM Jabode V Fuel,BOA1,BOA2,NOT CERTIFIED,71.83,53.00,87.59,73.72,Basic,"Salam, Masa Berlaku APAR, Nol, Izin Prinsip"
2025-12-19,2025-12-18,34-16309,III,2025,"Jl. Raya Parung, Pd. Udik, Kec. Kemang",Kabupaten Bogor,,SBM Jabode V Fuel,BOA1,CA,CERTIFIED,92.3,82.00,95.44,97.75,Basic,
2025-12-22,2025-12-18,64-78308,VI,2025,"JL.TRANS KALIMANTAN KM.11,7 AMBAWAN",Kab Kubu Raya,,SBM Kalbar I Fuel,BOA1,BOA2,NOT CERTIFIED,65.47,63.00,59.38,71.22,Basic,"Izin Prinsip, Pelumas, Masa Berlaku APAR"
2025-12-23,2025-12-18,34-41232,III,2025,JL. RAYA PURWADADI DS. BLENDUNG KEC,Kab Subang,,SBM Karawang III Fuel,BOA1,BOA2,NOT CERTIFIED,67.11,60.00,55.61,81.51,Basic,"Pelumas, Izin Prinsip"
2025-12-20,2025-12-18,64-79114,VI,2025,LOKASI JL.RAYA PROPINSI DS.SEI RUSA,Kab Sambas,,SBM Kalbar I Fuel,BOA1,BOA2,NOT CERTIFIED,56.3,50.67,62.06,56.19,Basic,"Pelumas, APAR, Masa Berlaku APAR, Izin Prinsip"
2025-12-19,2025-12-18,14-286136,I,2025,"Jl. Simpang Buatan, Kp. Rempak, Kec. Siak, Kabupaten Siak",Kab Siak,,SBM Riau I Fuel,BOA1,BOA2,NOT CERTIFIED,64.69,45.67,80.26,67.14,Basic,"Masa Berlaku APAR, CCTV, Pelumas, APAR"
2025-12-22,2025-12-18,54-67310,V,2025,"Jl. Raya Kalibening No. 69, DS. PRONOJIWO KEC. PRONOJIWO, Kab. Lumajang",Kab. Lumajang,,SBM Malang II Fuel,BOA1,BOA2,NOT CERTIFIED,64.89,53.00,68.11,71.20,Basic,"Masa Berlaku APAR, Nol, Izin Prinsip"
2025-12-20,2025-12-18,54-63217,V,2025,Ds. Tempuran Kec. Paron Kab. Ngawi,Kab Ngawi,,SBM Kediri III Fuel,BOA1,CA,CERTIFIED,89.18,89.00,92.33,87.43,Basic,
2025-12-23,2025-12-18,74-91801,VII,2025,JL. SA DAN KEL. TALLUNG MATAALLO,Kab. Toraja Utara,,SBM Sulselbar IV Fuel,BOA1,BOA2,NOT CERTIFIED,70.29,63.33,83.29,65.06,Basic,"Masa Berlaku APAR, Izin Prinsip, Pelumas"
2025-12-18,2025-12-18,34-16413,III,2025,"Jl.Raya Pitara RT 01/10, DEPOK",Kodya Depok,,SBM Jabode III Fuel,BOA1,CA,CERTIFIED,91.95,80.00,100.00,94.68,Basic,
2025-12-24,2025-12-18,44-51109,IV,2025,JL. RAYA WIRADESA,Kab Pekalongan,,SBM Tegal II Fuel,BOA1,BOA2,NOT CERTIFIED,31.74,13.33,34.83,43.42,Basic,"Nol, Pelumas, Trims, Salam, APAB, Masa Berlaku APAR, APAR"
2025-12-22,2025-12-18,64-78309,VI,2025,"JL. TRANS KALIMANTAN KM.6,5 DS SUNG",Kab Kubu Raya,,SBM Kalbar I Fuel,BOA1,BOA2,NOT CERTIFIED,66,75.67,64.17,59.67,Basic,"Masa Berlaku APAR, Produk JBU, APAR, Izin Prinsip"
2025-12-23,2025-12-18,74-91303,VII,2025,JL. POROS MAMASA KM.19 KEC. SUMAROR,Kab Mamuju,,SBM Sulselbar V Fuel,BOA1,BOA2,NOT CERTIFIED,62.14,60.67,79.21,50.10,Basic,"Masa Berlaku APAR, Izin Prinsip, Pelumas, APAB, APAR"
2025-12-20,2025-12-18,64-79112,VI,2025,DUSUN SENJA DESA BEKUT KEC.TEBAS,Kab Sambas,,SBM Kalbar I Fuel,BOA1,BOA2,NOT CERTIFIED,45.73,42.33,39.92,52.44,Basic,"HP, APAR, Masa Berlaku APAR, Pelumas, CCTV, Izin Prinsip"
2025-12-23,2025-12-18,74-91805,VII,2025,Kel Karassik Kec Rantepao Kab Toraja Utara,Kab. Toraja Utara,,SBM Sulselbar IV Fuel,BOA1,BOA2,NOT CERTIFIED,75.52,65.67,83.04,77.59,Basic,"Pelumas, Trims, Masa Berlaku APAR, Izin Prinsip"
2025-12-18,2025-12-18,34-16310,III,2025,"Jl.Raya Serpong, Bogor, KABUPATEN BOGOR",Kabupaten Bogor,,SBM Jabode V Fuel,BOA1,CA,CERTIFIED,84.5,80.67,86.89,85.45,Basic,
2025-12-22,2025-12-18,54-64104,V,2025,"JL. SEMERU NO.261 DS.WONOJOYO, Kodya Kediri",Kodya Kediri,,SBM Kediri I Fuel,BOA1,BOA2,NOT CERTIFIED,71.4,66.33,77.91,70.73,Basic,"APAR, Masa Berlaku APAR"
2025-12-23,2025-12-18,34-41237,III,2025,PERSAWAHAN KASUNGKA KM 19 KP JAYA S,Kab Subang,,SBM Karawang III Fuel,BOA1,CA,CERTIFIED,95.68,89.00,98.94,98.25,Basic,
2025-12-20,2025-12-18,64-72104,VI,2025,"JL. RAYA STAGEN KM.4,5 KOTABARU, KAB. KOTABARU",KAB. KOTABARU,,SBM Kalsel III Fuel,BOA1,CA,CERTIFIED,89.54,84.67,93.68,89.78,Basic,
2025-12-23,2025-12-18,74-92438,VII,2025,"Jln. Pahlawan Bantaeng, Kab. Bantaeng",Kab. Bantaeng,,SBM Sulselbar II Fuel,BOA1,BOA2,NOT CERTIFIED,35.79,10.00,56.25,40.12,Basic,"Trims, APAB, Izin Prinsip, APAR, Pelumas, Nol, Masa Berlaku APAR, Salam"
2025-12-20,2025-12-18,64-70806,VI,2025,"JL. A. YANI KM.152 DESA KINTAP, KAB. TANAH LAUT",KAB. TANAH LAUT,,SBM Kalsel I Fuel,BOA1,BOA2,NOT CERTIFIED,35.69,33.00,24.43,46.02,Basic,"Izin Prinsip, Pelumas, APAR, Masa Berlaku APAR, DU Dispenser, Grounding, APAB, HP"
2025-12-20,2025-12-17,54-61132,V,2025,"Jl. Raya Abar Abir, Bungah",Kab Gresik,DODO,SBM Surabaya III Fuel,BOA1,CA,CERTIFIED,93.56,82.00,100.00,97.50,Basic,
2025-12-23,2025-12-17,34-17401,III,2025," JL.RY JATIMAKMUR, KODYA BEKASI",Kodya Bekasi,,SBM Karawang I Fuel,BOA1,CA,CERTIFIED,95.27,87.00,100.00,98.00,Basic,
2025-12-20,2025-12-17,64-78119,VI,2025,JL. HOS TJOKROAMINOTO KEL. TENGAH,Kota Pontianak,,SBM Kalbar I Fuel,BOA1,CA,CERTIFIED,87.81,89.00,87.29,87.19,Basic,
2025-12-19,2025-12-17,54-83201,V,2025,"JL PEJANGGIK 65 - PAJANG TIMUR, Kodya Mataram",Kodya Mataram,,SBM NTB I Fuel,BOA1,CA,CERTIFIED,94.1,85.67,100.00,96.00,Basic,
2025-12-17,2025-12-17,34-16415,III,2025,"Jl.Raya Proklamasi No.22 Depok 2, DEPOK",Kodya Depok,,SBM Jabode III Fuel,BOA1,CA,CERTIFIED,88.18,80.67,90.92,91.55,Basic,
2025-12-19,2025-12-17,24-33480,II,2025,"Jl. Jend. Sudirman, Belitung Barat",BELITUNG BARAT,,SBM Babel II,BOA1,BOA2,NOT CERTIFIED,76.38,73.67,87.69,70.06,Basic,"HP, Pelumas, APAR, Nol"
2025-12-18,2025-12-17,34-12413,III,2025,"Jl. Tarogong Raya, Kel. Cilandak Barat, Kec. Cilandak, Kota Jakarta Selatan",Kodya Jakarta Selata,,SBM Jabode III Fuel,BOA1,BOA2,NOT CERTIFIED,81.18,76.33,86.01,81.36,Basic,"Pelumas, Masa Berlaku APAR, Izin Prinsip"
2025-12-23,2025-12-17,74-90704,VII,2025,Jl. Poros Barru - Parepare Kel.Siawung Kec. Barru Kab. Barru,Kab. Barru,,SBM Sulselbar III Fuel,BOA1,BOA2,NOT CERTIFIED,68.17,55.00,86.30,63.98,Basic,"Masa Berlaku APAR, APAR, Izin Prinsip, Pelumas"
2025-12-20,2025-12-17,64-79411,VI,2025,"KEL. TAMBATAN, KEC. TELUK KERAMAT",Kab Sambas,,SBM Kalbar I Fuel,BOA1,CA,CERTIFIED,89.65,82.33,98.99,87.74,Basic,
2025-12-23,2025-12-17,34-17117,III,2025," JL.SULTAN AGUNG, KODYA BEKASI",Kodya Bekasi,,SBM Karawang I Fuel,BOA1,CA,CERTIFIED,90.73,85.67,100.00,87.43,Basic,
2025-12-23,2025-12-17,74-90102,VII,2025,"Jl. Ujung Tinumbu , Kota Makassar",Kodya Makassar,,SBM Sulselbar I Fuel,BOA1,BOA2,NOT CERTIFIED,61.38,74.67,40.22,67.03,Basic,"DU Dispenser, APAR, Izin Prinsip"
2025-12-19,2025-12-17,54-83207,V,2025,KEL. BERTAIS KEC.CAKRANEGARA,Kodya Mataram,,SBM NTB I Fuel,BOA1,BOA2,NOT CERTIFIED,65.67,50.33,77.19,68.13,Basic,"Salam, APAR, Trims, Izin Prinsip, Pelumas, Masa Berlaku APAR"
2025-12-20,2025-12-17,64-72119,VI,2025,"JL. TRANSMIGRASI KM 8,00, DESA SARIGADUNG, KEC. SIMPANG EMPAT",KAB. TANAH BUMBU,,SBM Kalsel III Fuel,BOA1,BOA2,NOT CERTIFIED,61.47,50.00,54.00,75.68,Basic,"CCTV, Izin Prinsip, HP"
2025-12-19,2025-12-17,24-33479,II,2025,"Jl. Jend. Sudirman Km 3, Belitung Barat",BELITUNG BARAT,,SBM Babel II,BOA1,BOA2,NOT CERTIFIED,71.41,58.67,77.64,75.45,Basic,"Nol, Izin Prinsip, Pelumas"
2025-12-20,2025-12-17,64-78102,VI,2025,JL. A.YANI. I.q,Kota Pontianak,,SBM Kalbar I Fuel,BOA1,BOA2,NOT CERTIFIED,68.76,63.00,69.55,72.67,Basic,"Pelumas, APAR, Masa Berlaku APAR, CCTV, Izin Prinsip"
2025-12-20,2025-12-17,64-79408,VI,2025,JL. KARTIASA TANJUNG HARAPAN KEL. S,Kab Sambas,,SBM Kalbar I Fuel,BOA1,BOA2,NOT CERTIFIED,45.73,45.67,37.33,52.11,Basic,"Izin Prinsip, Pelumas, Masa Berlaku APAR, APAR"
2025-12-22,2025-12-17,34-41235,III,2025,"KP. SAKURIP, KEL. TANJUNG, KEC. CIP",Kab Subang,,SBM Karawang III Fuel,BOA1,CA,CERTIFIED,93.14,93.00,99.04,88.98,Basic,
2025-12-22,2025-12-17,74-90771,VII,2025,"Desa Kuppa Kec. Mellusetasi, Kab. Barru",Kab. Barru,,SBM Sulselbar III Fuel,BOA1,BOA2,NOT CERTIFIED,82.64,74.33,94.89,79.13,Basic,"Pelumas, Izin Prinsip"
2025-12-20,2025-12-17,64-70809,VI,2025,JL.AHMAD YANI KM.43 DESA GUNUNG RAJ,KAB. TANAH LAUT,,SBM Kalsel I Fuel,BOA1,CA,CERTIFIED,86.02,80.67,89.31,87.80,Basic,
2025-12-20,2025-12-17,54-66306,V,2025,"JL. RAYA PERIGI LEC WATULIMO, Kab. Trenggalek",Kab. Trenggalek,,SBM Kediri II Fuel,BOA1,CA,CERTIFIED,90.56,84.00,99.09,89.13,Basic,
2025-12-20,2025-12-17,64-72105,VI,2025,"Jl. Transmigrasi Km. 2,50 Plajau",Kab. Tanah Bumbu,DODO,SBM Kalsel III Fuel,BOA1,CA,CERTIFIED,92.42,89.67,100.00,88.90,Basic,
2025-12-19,2025-12-16,24-33172,II,2025,"Jl. Raya Berok, Bangka Tengah",BANGKA TENGAH,,SBM Babel I,BOA1,CA,CERTIFIED,93.47,82.33,98.54,97.93,Basic,
2025-12-18,2025-12-16,14-287615,I,2025,"JL. RAYA PEKANBARU-DUMAI, KANDIS",Kab Siak,,SBM Riau I Fuel,BOA1,BOA2,NOT CERTIFIED,69.31,67.33,74.51,66.53,Basic,"APAR, Pelumas, Izin Prinsip"
2025-12-19,2025-12-16,54-83308,V,2025,"DS. MONTONG ARE - KEC. KEDIRI, Kab. Lombok Barat",Kab. Lombok Barat,,SBM NTB I Fuel,BOA1,CA,CERTIFIED,93.53,88.00,99.04,93.55,Basic,
2025-12-22,2025-12-16,74-91159,VII,2025,"Jl.  Lumpue Parepare, Kota Parepare",Kodya Parepare,,SBM Sulselbar III Fuel,BOA1,BOA2,NOT CERTIFIED,63.52,59.00,73.41,59.10,Basic,"Pelumas, DU Dispenser, Masa Berlaku APAR, Izin Prinsip, APAB, APAR"
2025-12-17,2025-12-16,64-78104,VI,2025,JL. KOM.YOS SUDARSO,Kota Pontianak,,SBM Kalbar I Fuel,BOA1,BOA2,NOT CERTIFIED,71.09,64.00,78.82,69.58,Basic,"Pelumas, Izin Prinsip, APAR"
2025-12-22,2025-12-16,74-91988,VII,2025,"Senga, Kab. Luwu",Kab. Luwu,,SBM Sulselbar IV Fuel,BOA1,BOA2,NOT CERTIFIED,68.56,70.00,66.12,68.77,Basic,"Masa Berlaku APAR, Izin Prinsip, Pelumas"
2025-12-17,2025-12-16,34-16935,III,2025,"Jl.Raya Bogor Kel.Cibinong, KABUPATEN BOGOR",Kabupaten Bogor,,SBM Jabode V Fuel,BOA1,BOA2,NOT CERTIFIED,84.87,71.33,97.63,85.64,Basic,"APAB, Grounding"
2025-12-17,2025-12-16,64-79113,VI,2025,"JL.SANGGAU LEDO, KEC.SANGGAU LEDO",Kab Bengkayang,,SBM Kalbar I Fuel,BOA1,BOA2,NOT CERTIFIED,55.7,71.33,46.72,50.08,Basic,"Pelumas, APAB, APAR, Izin Prinsip, Grounding, Masa Berlaku APAR"
2025-12-17,2025-12-16,64-72101,VI,2025,"JL. HASAN BASRI PANCASERAI NO.1 PAGATAN, KAB. TANAH BUMBU",Kab Tanah Bumbu,,SBM Kalsel III Fuel,BOA1,BOA2,NOT CERTIFIED,89.03,84.00,93.29,89.68,Basic,"Izin Prinsip, CCTV"
2025-12-16,2025-12-16,54-68436,V,2025,"Jl Raya Genteng-Rogojampi, DS. SUMBER SARI SRONO, Kab. Banyuwangi",Kab. Banyuwangi,,SBM Malang III Fuel,BOA1,CA,CERTIFIED,91.59,80.00,100.00,93.69,Basic,
2025-12-17,2025-12-16,64-70604,VI,2025,,KAB. BANJAR,,SBM Kalsel I Fuel,BOA1,BOA2,NOT CERTIFIED,49.96,39.67,51.58,56.49,Basic,"CCTV, HP, APAR, Pelumas, Izin Prinsip, APAB"
2025-12-22,2025-12-16,74-95320,VII,2025,"Jl. Raya Tomohon, Kota Tomohon",Kodya Tomohon,,SBM Sulutgo II Fuel,BOA1,CA,CERTIFIED,94.8,92.33,100.00,92.75,Basic,
2025-12-17,2025-12-16,44-59416,IV,2025,"Jl. Raya Raguklampitan, Ds. Pulodarat, Kec. Pecangaan",Kab. Jepara,,SBM Semarang III Fuel,BOA1,BOA2,NOT CERTIFIED,74.51,61.33,81.98,78.55,Basic,"Izin Prinsip, CCTV"
2025-12-16,2025-12-16,34-16123,III,2025,Jl. Raya Bojong Gede,Kodya Bogor,,SBM Jabode IV Fuel,BOA1,CA,CERTIFIED,94.95,87.00,98.47,98.18,Basic,
2025-12-22,2025-12-16,31-17106,III,2025,JL.RY.BANTARGEBANG-SETU RT.02/02,Kota Bekasi,,SBM Karawang I Fuel,BOA1,CA,CERTIFIED,98.3,96.33,100.00,98.50,Basic,
2025-12-17,2025-12-16,64-72117,VI,2025,JL.PROPINSI KM.1 SEBAMBAN LAMA KEC.,KAB. TANAH BUMBU,,SBM Kalsel III Fuel,BOA1,BOA2,NOT CERTIFIED,38.26,40.67,17.04,52.38,Basic,"Pelumas, APAR, DU Dispenser, CCTV, Grounding, Izin Prinsip"
2025-12-22,2025-12-16,74-91172,VII,2025,"Ds. Lamoe , Kota Parepare",Kodya Parepare,,SBM Sulselbar III Fuel,BOA1,BOA2,NOT CERTIFIED,55.14,59.67,28.42,71.12,Basic,"Pelumas, Masa Berlaku APAR, Izin Prinsip, APAR"
2025-12-17,2025-12-16,64-78123,VI,2025,"JL. DANAU SENTARUM, KEL. SUNGAI BAN",Kota Pontianak,,SBM Kalbar I Fuel,BOA1,BOA2,NOT CERTIFIED,75.71,59.00,75.79,88.36,Basic,"Izin Prinsip, Pelumas"
2025-12-19,2025-12-16,54-83503,V,2025,"DESA BATU JAI KEC. PRAYA BARAT, Kab. Lombok Tengah",Kab. Lombok Tengah,,SBM NTB I Fuel,BOA1,BOA2,NOT CERTIFIED,51.03,38.67,51.23,60.31,Basic,"Masa Berlaku APAR, Pelumas, CCTV, HP, Salam, Izin Prinsip, APAR, Nol"
2025-12-22,2025-12-16,74-91924,VII,2025,Kota Palopo,Kodya Palopo,,SBM Sulselbar IV Fuel,BOA1,BOA2,NOT CERTIFIED,69.2,67.33,75.69,65.90,Basic,"Masa Berlaku APAR, Izin Prinsip, Pelumas"
2025-12-17,2025-12-16,24-35352,II,2025,"Jl. A. Yani Gedung Tataan , Lampung Selatan, Lampung, Pesawaran",KAB. PESAWARAN,,SBM Lampung I Fuel,BOA1,BOA2,NOT CERTIFIED,81.52,72.33,83.39,86.96,Basic,"APAB, CCTV, Pelumas, Izin Prinsip"
2025-12-16,2025-12-16,54-68417,V,2025,"JL. RAYA GENTENG, DS. BANELAN KIDUL GOMBOL, KEC. SINGOJURUH, Kab. Banyuwangi",Kab. Banyuwangi,,SBM Malang III Fuel,BOA1,CA,CERTIFIED,93.73,85.00,100.00,95.46,Basic,
2025-12-19,2025-12-16,54-83504,V,2025,"JL. PEJANGGIK NO.1 JONTLAK  PRAYA, Kab. Lombok Tengah",Kab. Lombok Tengah,,SBM NTB I Fuel,BOA1,BOA2,NOT CERTIFIED,35.5,27.67,25.28,48.51,Basic,"Grounding, Nol, Izin Prinsip, Salam, Produk JBU, Pelumas, APAR, Masa Berlaku APAR"
2025-12-22,2025-12-16,64-70616,VI,2025,"JL. IR. PM. NOOR, RT 2, RW 1 KEC. KARANG INTAN",KAB. BANJAR,,SBM Kalsel I Fuel,BOA1,BOA2,NOT CERTIFIED,45.02,57.00,25.28,50.80,Basic,"Masa Berlaku APAR, Izin Prinsip, APAR, APAB, Pelumas"
2025-12-17,2025-12-16,64-79108,VI,2025,"JL. RAYA SANGGAU LEDO KM.3,2",Kab Bengkayang,,SBM Kalbar I Fuel,BOA1,BOA2,NOT CERTIFIED,56.39,46.00,56.30,63.76,Basic,"Masa Berlaku APAR, APAR, Pelumas, Izin Prinsip"
2025-12-16,2025-12-16,64-72106,VI,2025,"JL. RAYA SUNGAI CUKA KEC. SATUI, KAB. TANAH BUMBU",KAB. TANAH BUMBU,,SBM Kalsel III Fuel,BOA1,BOA2,NOT CERTIFIED,64.12,44.33,95.21,55.27,Basic,"Masa Berlaku APAR, CCTV, HP, Pelumas, APAR, Izin Prinsip"
2025-12-18,2025-12-15,24-31445,II,2025,DESA KOTA RAYA LAHAT,LAHAT,DODO,SBM Sumsel II Fuel,BOA1,BOA2,NOT CERTIFIED,90.49,83.33,100.00,89.15,Basic,"Pelumas, Izin Prinsip"
2025-12-16,2025-12-15,64-79121,VI,2025,JL. DSN. DUNGKAN DS. DHARMA BAKTI K,Kab Bengkayang,,SBM Kalbar I Fuel,BOA1,BOA2,NOT CERTIFIED,49.46,42.33,41.83,60.23,Basic,"CCTV, Pelumas, Izin Prinsip, HP, Masa Berlaku APAR"
2025-12-20,2025-12-15,74-95321,VII,2025,"Jl. Raya Tateli , Kab. Minahasa Induk",Kab. Minahasa Induk,,SBM Sulutgo II Fuel,BOA1,CA,CERTIFIED,90.96,89.67,99.04,85.69,Basic,
2025-12-22,2025-12-15,74-91978,VII,2025,Jl. Poros Palopo Masamba Kel. Buntu Terpedo Kec. Sabbang Kab. Luwu Utara,Kab. Luwu Utara,,SBM Sulselbar IV Fuel,BOA1,BOA2,NOT CERTIFIED,75.59,74.00,77.19,75.70,Basic,"Pelumas, APAR, Izin Prinsip"
2025-12-19,2025-12-15,54-83310,V,2025,"JL. RAYA TANJUNG, Kab. Lombok Barat",Kab. Lombok Barat,,SBM NTB I Fuel,BOA1,CA,CERTIFIED,93.95,86.33,100.00,95.12,Basic,
2025-12-17,2025-12-15,34-46111,III,2025," JL.RY.DS.MARGALUYU, KAB. TASIKMALAYA",Kab. Tasikmalaya,,SBM Bandung IV Fuel,BOA1,BOA2,NOT CERTIFIED,88.2,74.67,96.17,92.38,Basic,
2025-12-17,2025-12-15,34-16925,III,2025,"Jl.Raya Mercedez-Benz, Wanahera, KABUPATEN BOGOR",Kabupaten Bogor,,SBM Jabode V Fuel,BOA1,BOA2,NOT CERTIFIED,86.53,83.33,72.98,99.12,Basic,DU Dispenser
2025-12-22,2025-12-15,64-70705,VI,2025,"JL. TRIKORA DESA SEI.BESAR KEC. BANJARBARU, KOTA BANJAR BARU",KOTA BANJAR BARU,,SBM Kalsel I Fuel,BOA1,BOA2,NOT CERTIFIED,52.04,42.04,58.02,55.50,Basic,"Grounding, Pelumas, APAR, Masa Berlaku APAR, Izin Prinsip"
2025-12-22,2025-12-15,34-41363,III,2025,JL. GALUH MAS RAYA DUSUN 4 JATIMULY,Kab Karawang,,SBM Karawang II Fuel,BOA1,CA,CERTIFIED,90.42,84.00,90.92,94.74,Basic,
2025-12-18,2025-12-15,54-83305,V,2025,"JL. RAYA PEMENANG TANJUNG, Kab. Lombok Utara",Kab. Lombok Utara,,SBM NTB I Fuel,BOA1,BOA2,NOT CERTIFIED,50.02,29.33,70.13,51.92,Basic,"Izin Prinsip, Pelumas, Nol, CCTV, APAR, Salam"
2025-12-16,2025-12-15,54-66109,V,2025,"JL.RAYA KANIGORO KEC. KANIGORO, Kab. Blitar",Kab. Blitar,,SBM Kediri II Fuel,BOA1,BOA2,NOT CERTIFIED,81.32,78.33,71.35,91.02,Basic,HP
2025-12-15,2025-12-15,34-16929,III,2025,"Jl.Raya Gunung Putri Desa Gunung Putri, KABUPATEN BOGOR",Kabupaten Bogor,,SBM Jabode V Fuel,BOA1,CA,CERTIFIED,87.64,80.67,85.76,94.23,Basic,
2025-12-17,2025-12-15,34-40345,III,2025,JL. RANCAJIGANG KELURAHAN PADAMULYA,Kab Bandung,,SBM Bandung II Fuel,BOA1,BOA2,NOT CERTIFIED,86.77,78.67,94.68,87.13,Basic,"Pelumas, Masa Berlaku APAR"
2025-12-22,2025-12-15,74-92917,VII,2025,"Jl. Trans Sulawesi Dusun Labose, Desa Laskap, Kec. Malili, Kab. Luwu Timur",Kab. Luwu Timur,,SBM Sulselbar IV Fuel,BOA1,BOA2,NOT CERTIFIED,75.29,67.33,79.21,78.59,Basic,"Izin Prinsip, Pelumas, Masa Berlaku APAR"
2025-12-18,2025-12-15,54-83309,V,2025,"DS. KAYANGAN KEC. KAYANGAN, Kab. Lombok Utara",Kab. Lombok Utara,,SBM NTB I Fuel,BOA1,BOA2,NOT CERTIFIED,52.49,31.33,59.12,63.42,Basic,"APAR, Salam, Pelumas, Nol, CCTV, Izin Prinsip"
2025-12-17,2025-12-14,74-91669,VII,2025,"Jl. Poros Sultan Hasanuddin Pangkajene Sidenreng, Kab. Sidrap",Kab. Sidrap,,SBM Kalsel I Fuel,BOA1,BOA2,NOT CERTIFIED,54.14,53.00,50.0,58.01,Basic,"Nol, APAR, Salam, Izin Prinsip, DU Dispenser, Masa Berlaku APAR, Pelumas"
2025-12-17,2025-12-14,24-37119,II,2025,SUNGAI PENUH,KERINCI,DODO,SBM Jambi II Fuel,BOA1,BOA2,NOT CERTIFIED,86.61,92.00,90.92,79.03,Basic,"Izin Prinsip, Pelumas, APAB"
2025-12-20,2025-12-14,74-91655,VII,2025,"Jl. Prs Parepare, Kab. Sidrap",Kab. Sidrap,,SBM Sulselbar III Fuel,BOA1,BOA2,NOT CERTIFIED,46.33,39.33,29.17,64.65,Basic,"APAR, Pelumas, Masa Berlaku APAR, Nol, Salam, Izin Prinsip"
2025-12-20,2025-12-14,74-92947,VII,2025,"Jl. Dr. Sumantri Bojonegoro, Kab. Luwu Timur",Kab. Luwu Timur,,SBM Sulselbar IV Fuel,BOA1,BOA2,NOT CERTIFIED,62.59,50.00,83.45,56.85,Basic,"Pelumas, Izin Prinsip, Salam, Masa Berlaku APAR"
2025-12-17,2025-12-14,14-288619,I,2025,JL. JEND. SUDIRMAN - DURI,Kab. Bengkalis,DODO,SBM Riau II Fuel,BOA1,BOA2,NOT CERTIFIED,88.37,79.67,84.67,97.48,Basic,
2025-12-19,2025-12-14,74-92907,VII,2025,Jalan Poros Palopo - Sorowako,Kab. Luwu Timur,,SBM Sulselbar IV Fuel,BOA1,BOA2,NOT CERTIFIED,64.65,71.33,58.46,64.50,Basic,"Masa Berlaku APAR, APAR, Izin Prinsip, Pelumas"
2025-12-15,2025-12-13,74-91270,VII,2025,"Desa Lampa Kec. Duampanua, Kab. Pinrang",Kab. Pinrang,,SBM Sulselbar III Fuel,BOA1,BOA2,NOT CERTIFIED,31.08,22.67,18.77,46.70,Basic,"APAB, Nol, Izin Prinsip, Pelumas, Salam, Masa Berlaku APAR, Trims, DU Dispenser, APAR"
2025-12-16,2025-12-13,54-68203,V,2025,"Jl. Diponegoro, DS. KOTA KULON - KEC. KOTA, Kab. Bondowoso",Kab. Bondowoso,,SBM Malang II Fuel,BOA1,BOA2,NOT CERTIFIED,73.35,64.00,78.82,75.88,Basic,"Izin Prinsip, Pelumas"
2025-12-18,2025-12-13,54-83602,V,2025,"JL PB SUDIRMAN NO 19 - PANCOR, Kab. Lombok Timur",Kab. Lombok Timur,,SBM NTB I Fuel,BOA1,BOA2,NOT CERTIFIED,69.68,44.67,83.63,77.98,Basic,"CCTV, APAR, Salam"
2025-12-15,2025-12-13,74-94702,VII,2025,JL. MT Haryono Kel. Luwuk Kec. Luwuk,Kab. Banggai Daratan,,SBM Sulteng II Fuel,BOA1,BOA2,NOT CERTIFIED,65.85,59.67,72.64,65.10,Basic,"Pelumas, CCTV, Izin Prinsip"
2025-12-16,2025-12-13,54-68204,V,2025,"JL. RAYA MAESAN, Kab. Bondowoso",Kab. Bondowoso,,SBM Malang II Fuel,BOA1,BOA2,NOT CERTIFIED,79.26,67.00,86.89,82.24,Basic,"Izin Prinsip, APAR"
2025-12-18,2025-12-13,44-52105,IV,2025,DS.DEMANGHARJO KEC. WARUREJO,Kab Tegal,,SBM Tegal I Fuel,BOA1,BOA2,NOT CERTIFIED,78.67,85.67,91.38,63.79,Basic,"APAB, Grounding, Pelumas, DU Dispenser, Masa Berlaku APAR"
2025-12-17,2025-12-13,74-92904,VII,2025,Jl. Trans Sulawesi Dusun Lopi Kel. Pancakarsa Kec. Mankutana,Kab. Luwu Timur,,SBM Sulselbar IV Fuel,BOA1,BOA2,NOT CERTIFIED,38.73,18.67,33.25,56.53,Basic,"HP, Trims, Pelumas, Salam, Masa Berlaku APAR, Izin Prinsip, APAB"
2025-12-15,2025-12-13,74-91256,VII,2025,"Jl. Pole Baramuli , Kab. Pinrang",Kab. Pinrang,,SBM Sulselbar III Fuel,BOA1,BOA2,NOT CERTIFIED,45.91,31.00,52.50,51.38,Basic,"Masa Berlaku APAR, Produk JBU, Pelumas, Salam, Trims, Nol, APAR, Grounding, Izin Prinsip"
2025-12-15,2025-12-13,14-284139,I,2025,"Jl. Poros Desa Pancuran Gading, Pancuran Gading, Kec. Tapung, Kabupaten Kampar",Kab Kampar,,SBM Riau I Fuel,BOA1,BOA2,NOT CERTIFIED,90.38,80.67,100.00,90.48,Basic,APAR
2025-12-18,2025-12-13,54-83604,V,2025,"KEL. SEKAR TEDJA - KEC. SELONG, Kab. Lombok Timur",Kab. Lombok Timur,,SBM NTB I Fuel,BOA1,BOA2,NOT CERTIFIED,69.48,48.33,83.39,74.99,Basic,"APAR, Salam"
2025-12-15,2025-12-13,74-94726,VII,2025,"Desa Cendana Pura, Kab. Banggai",Kab. Banggai Daratan,,SBM Sulteng II Fuel,BOA1,BOA2,NOT CERTIFIED,52.92,62.00,28.25,64.82,Basic,"Izin Prinsip, Masa Berlaku APAR, CCTV, Pelumas"
2025-12-16,2025-12-13,54-68207,V,2025,"DS. BESUK KEL. KLABANG, Kab. Bondowoso",Kab. Bondowoso,,SBM Malang II Fuel,BOA1,CA,CERTIFIED,89.7,83.00,96.17,89.88,Basic,
2025-12-15,2025-12-13,34-16829,III,2025,JL. RAYA CILEUNGSI SETU DUSUN CINYO,Kab Bogor,,SBM Jabode V Fuel,BOA1,BOA2,NOT CERTIFIED,64.09,49.67,67.03,72.34,Basic,"Masa Berlaku APAR, Salam, APAR, Izin Prinsip, Nol"
2025-12-18,2025-12-13,54-83610,V,2025,"JL. RAYA LABUHAN HAJI SELONG, Kab. Lombok Timur",Kab. Lombok Timur,,SBM NTB I Fuel,BOA1,BOA2,NOT CERTIFIED,65.39,48.00,54.00,86.98,Basic,"Trims, Salam, Nol"
2025-12-14,2025-12-12,74-92905,VII,2025,Desa Bungadidi Kecamatan Bone-Bone Kabupaten Luwu Utara Provinsi Sulawesi Selatan,Kab. Luwu Utara,,SBM Sulselbar IV Fuel,BOA1,BOA2,NOT CERTIFIED,78.82,78.00,92.55,68.39,Basic,"Izin Prinsip, Produk JBU, Pelumas"
2025-12-15,2025-12-12,34-16906,III,2025,"Jl.Raya Bogor KM 44 Cibinong, KABUPATEN BOGOR",Kabupaten Bogor,,SBM Jabode V Fuel,BOA1,BOA2,NOT CERTIFIED,75.49,76.67,76.04,74.08,Basic,"Masa Berlaku APAR, Izin Prinsip, APAR"
2025-12-17,2025-12-12,84-98801,VIII,2025,JL.YOS SUDARSO OYEHE NABIRE PAPUA,Kab Nabire,,SBM Papua Tengah I,BOA1,CA,CERTIFIED,92.12,85.00,95.21,94.92,Basic,
2025-12-12,2025-12-12,54-61219,V,2025,"JL.SUNANDAR PRIYOSUDARMO-SIDOKARE, Kab. Sidoarjo",Kab. Sidoarjo,,SBM Surabaya II Fuel,BOA1,CA,CERTIFIED,95.51,91.33,100.00,95.01,Basic,
2025-12-12,2025-12-12,74-95307,VII,2025,"JL JW LASUT, DESA SAWANGAN, K",Kab Minahasa Utara,,SBM Sulutgo I Fuel,BOA1,BOA2,NOT CERTIFIED,40.17,42.67,13.85,57.83,Basic,"APAR, Izin Prinsip, DU Dispenser, Pelumas, Masa Berlaku APAR"
2025-12-17,2025-12-12,24-36607,II,2025,Jl. Jambi Bulian Sungai Duren,Kab Muara Jambi,DODO,SBM Jambi I Fuel,BOA1,BOA2,NOT CERTIFIED,61.15,81.11,49.43,55.26,Basic,"Masa Berlaku APAR, Izin Prinsip, Pelumas, APAR"
2025-12-15,2025-12-11,34-42137,III,2025,JL. CIRUAS PETIR KELURAHAN PIPITAN,Kab Serang,,SBM Banten II Fuel,BOA1,BOA2,NOT CERTIFIED,66.98,53.67,70.48,74.50,Basic,"CCTV, Izin Prinsip"
2025-12-12,2025-12-11,44-52406,IV,2025,JL. RAYA DS. PANGKAH KEC. PANGGAH,Kab Tegal,,SBM Tegal I Fuel,BOA1,BOA2,NOT CERTIFIED,54.63,62.00,27.78,69.28,Basic,"Grounding, Pelumas, CCTV, APAR, Izin Prinsip"
2025-12-12,2025-12-11,34-43230,III,2025,Kp. warung nenggang desa. sukamanah kec. Mande kab. Cianjur,Kab Cianjur,,SBM Sukabumi I Fuel,BOA1,BOA2,NOT CERTIFIED,83.74,81.00,80.97,88.18,Basic,
2025-12-11,2025-12-11,34-42135,III,2025,JL. CIRUAS PETIR LINGKUNGAN CIMAREN,Kota Serang,,SBM Banten II Fuel,BOA1,CA,CERTIFIED,93.32,82.00,100.00,96.92,Basic,
2025-12-11,2025-12-10,14-2956126,I,2025,JL. RAYA PANGEAN BASERAH KM.111 KEC,Kab. Kuantan Singingi,,SBM Riau III Fuel,BOA1,BOA2,NOT CERTIFIED,89.69,91.00,84.67,92.24,Basic,Pelumas
2025-12-15,2025-12-10,34-15152,III,2025,JL. BENTENG BETAWI KEL. PORIS PLAWA,Kota Tangerang,,SBM Banten I Fuel,BOA1,BOA2,NOT CERTIFIED,78.05,77.33,74.52,81.15,Basic,"Izin Prinsip, Pelumas"
2025-12-12,2025-12-10,44-57606,IV,2025,"Jl. Ds. Biting, Purwantoro",Kab Wonogiri,DODO,SBM Yogyakarta IV Fuel,BOA1,BOA2,NOT CERTIFIED,81.51,77.84,88.50,78.62,Basic,"Pelumas, Izin Prinsip"
2025-12-11,2025-12-10,14-289672,I,2025,Jalan lintas Bagansiapiapi-Ujung Tanjung Bagan Punak Pesisir Kecamatan Bangko Kabupaten RokanHilir,Kab.Rokan Hulu,DODO,SBM Riau II Fuel,BOA1,BOA2,NOT CERTIFIED,64.34,30.00,80.26,77.90,Basic,"Izin Prinsip, Pelumas, Trims, Nol, Salam, APAR"
2025-12-11,2025-12-10,54-63121,V,2025,Jl. Raya Dungus Ds. Banjarsari Dagangan,Kab Madiun,DODO,SBM Kediri III Fuel,BOA1,BOA2,NOT CERTIFIED,0,0,0,0,Basic,"DU Dispenser, PELUMAS"
2025-12-10,2025-12-09,54-63109,V,2025,Jl. PB Sudirman Caruban Kab. Madiun,Kab Madiun,DODO,SBM Kediri III Fuel,BOA1,BOA2,NOT CERTIFIED,0,0,0,0,Basic,DU Dispenser
2025-12-10,2025-12-09,54-63115,V,2025,Ds. Pilangrejo Kec. Pilangkenceng Kab. Madiun,Kab Madiun,DODO,SBM Kediri III Fuel,BOA1,BOA2,NOT CERTIFIED,0,0,0,0,Basic,"Rompi Khusus, APAB, DU Dispenser"